  ▲ Next.js 14.2.35
  - Environments: .env.local

   Creating an optimized production build ...
 ⚠ Compiled with warnings

./src/lib/seo-crawler.ts
Module not found: ESM packages (puppeteer-core) need to be imported. Use 'import' to reference the package instead. https://nextjs.org/docs/messages/import-esm-externals

Import trace for requested module:
./src/lib/seo-crawler.ts
./src/app/actions/seo.ts

./src/lib/seo-crawler.ts
Module not found: ESM packages (@sparticuz/chromium) need to be imported. Use 'import' to reference the package instead. https://nextjs.org/docs/messages/import-esm-externals

Import trace for requested module:
./src/lib/seo-crawler.ts
./src/app/actions/seo.ts

./src/lib/seo-crawler.ts
Module not found: ESM packages (puppeteer-core) need to be imported. Use 'import' to reference the package instead. https://nextjs.org/docs/messages/import-esm-externals

Import trace for requested module:
./src/lib/seo-crawler.ts
./src/app/actions/seo.ts
./src/app/api/cron/competitor-keywords/route.ts

./src/lib/seo-crawler.ts
Module not found: ESM packages (@sparticuz/chromium) need to be imported. Use 'import' to reference the package instead. https://nextjs.org/docs/messages/import-esm-externals

Import trace for requested module:
./src/lib/seo-crawler.ts
./src/app/actions/seo.ts
./src/app/api/cron/competitor-keywords/route.ts

<w> [webpack.cache.PackFileCacheStrategy] Serializing big strings (101kiB) impacts deserialization performance (consider using Buffer instead and decode when needed)
<w> [webpack.cache.PackFileCacheStrategy] Serializing big strings (231kiB) impacts deserialization performance (consider using Buffer instead and decode when needed)
 ✓ Compiled successfully
   Linting and checking validity of types ...

./src/app/ai-studio/research/ResearchPortalClient.tsx
44:6  Warning: React Hook useEffect has a missing dependency: 'supabase'. Either include it or remove the dependency array.  react-hooks/exhaustive-deps

./src/app/campaigns/[id]/builder/EmailBuilderClient.tsx
516:6  Warning: React Hook useEffect has missing dependencies: 'addBlock' and 'updateBlockContent'. Either include them or remove the dependency array.  react-hooks/exhaustive-deps

./src/app/community/forums/ForumsClient.tsx
54:6  Warning: React Hook useEffect has a missing dependency: 'fetchPosts'. Either include it or remove the dependency array.  react-hooks/exhaustive-deps

./src/app/community/page.tsx
54:6  Warning: React Hook useEffect has a missing dependency: 'fetchPosts'. Either include it or remove the dependency array.  react-hooks/exhaustive-deps

./src/app/content-studio/ContentStudioWorkspaceClient.tsx
857:6  Warning: React Hook useEffect has a missing dependency: 'runGrammarCheck'. Either include it or remove the dependency array.  react-hooks/exhaustive-deps
863:36  Warning: The ref value 'checkTimerRef.current' will likely have changed by the time this effect cleanup function runs. If this ref points to a node rendered by React, copy 'checkTimerRef.current' to a variable inside the effect, and use that variable in the cleanup function.  react-hooks/exhaustive-deps

./src/app/courses/[id]/automations/AutomationsClient.tsx
55:6  Warning: React Hook useEffect has a missing dependency: 'loadRules'. Either include it or remove the dependency array.  react-hooks/exhaustive-deps

./src/app/courses/[id]/components/CourseAnalyticsTab.tsx
51:6  Warning: React Hook useEffect has a missing dependency: 'fetchAnalytics'. Either include it or remove the dependency array.  react-hooks/exhaustive-deps

./src/app/courses/[id]/components/CourseLandingForm.tsx
109:6  Warning: React Hook useEffect has a missing dependency: 'slug'. Either include it or remove the dependency array.  react-hooks/exhaustive-deps
134:6  Warning: React Hook useEffect has a missing dependency: 'syncPreview'. Either include it or remove the dependency array.  react-hooks/exhaustive-deps

./src/app/courses/[id]/components/CourseSubmissionsTab.tsx
45:6  Warning: React Hook useEffect has a missing dependency: 'fetchSubmissions'. Either include it or remove the dependency array.  react-hooks/exhaustive-deps

./src/app/courses/[id]/components/StudentsRosterModal.tsx
38:6  Warning: React Hook useEffect has a missing dependency: 'load'. Either include it or remove the dependency array.  react-hooks/exhaustive-deps

./src/app/courses/[id]/CourseWorkspaceClient.tsx
114:6  Warning: React Hook useEffect has a missing dependency: 'refreshWorkspace'. Either include it or remove the dependency array.  react-hooks/exhaustive-deps

./src/app/courses/[id]/quiz/[quizId]/QuizAnalyticsConsole.tsx
30:6  Warning: React Hook useEffect has a missing dependency: 'loadSubmissions'. Either include it or remove the dependency array.  react-hooks/exhaustive-deps

./src/app/courses/[id]/quiz/[quizId]/QuizWorkbenchClient.tsx
109:6  Warning: React Hook useEffect has missing dependencies: 'loadQuestions' and 'loadSettings'. Either include them or remove the dependency array.  react-hooks/exhaustive-deps

./src/app/finance/connected-accounts/page.tsx
55:43  Warning: React Hook useEffect has a missing dependency: 'fetchConnections'. Either include it or remove the dependency array.  react-hooks/exhaustive-deps

./src/app/finance/page.tsx
62:6  Warning: React Hook useEffect has a missing dependency: 'fetchData'. Either include it or remove the dependency array.  react-hooks/exhaustive-deps

./src/app/finance/reconciliation/page.tsx
73:6  Warning: React Hook useEffect has a missing dependency: 'fetchData'. Either include it or remove the dependency array.  react-hooks/exhaustive-deps

./src/app/finance/reports/page.tsx
130:6  Warning: React Hook useEffect has a missing dependency: 'fetchContactsForCompliance'. Either include it or remove the dependency array.  react-hooks/exhaustive-deps
308:6  Warning: React Hook useEffect has missing dependencies: 'fetchAccountBreakdown', 'generateCashFlowReport', 'generatePLReport', and 'generateVatReport'. Either include them or remove the dependency array.  react-hooks/exhaustive-deps

./src/app/finance/transactions/page.tsx
88:6  Warning: React Hook useEffect has a missing dependency: 'fetchTransactions'. Either include it or remove the dependency array.  react-hooks/exhaustive-deps

./src/app/forms/builder/[id]/components/FormBuilderContext.tsx
161:6  Warning: React Hook useEffect has a missing dependency: 'state.formId'. Either include it or remove the dependency array.  react-hooks/exhaustive-deps

./src/app/forms/builder/[id]/components/RuntimeStore.tsx
75:6  Warning: React Hook useEffect has a missing dependency: 'evalOptions'. Either include it or remove the dependency array.  react-hooks/exhaustive-deps
142:6  Warning: React Hook useCallback has a missing dependency: 'evalOptions'. Either include it or remove the dependency array.  react-hooks/exhaustive-deps

./src/app/forms/[id]/ab-testing/page.tsx
49:32  Warning: React Hook useEffect has a missing dependency: 'load'. Either include it or remove the dependency array.  react-hooks/exhaustive-deps

./src/app/forms/[id]/automations/components/ExecutionLogs.tsx
53:6  Warning: React Hook useEffect has a missing dependency: 'loadLogs'. Either include it or remove the dependency array.  react-hooks/exhaustive-deps

./src/app/forms/[id]/automations/components/WorkflowEditor.tsx
68:6  Warning: React Hook useEffect has a missing dependency: 'supabase'. Either include it or remove the dependency array.  react-hooks/exhaustive-deps

./src/app/forms/[id]/automations/page.tsx
59:6  Warning: React Hook useEffect has a missing dependency: 'loadData'. Either include it or remove the dependency array.  react-hooks/exhaustive-deps

./src/app/forms/[id]/governance/components/AuditLogsViewer.tsx
39:6  Warning: React Hook useEffect has a missing dependency: 'loadLogs'. Either include it or remove the dependency array.  react-hooks/exhaustive-deps

./src/app/forms/[id]/governance/components/BetaHealthDashboard.tsx
33:6  Warning: React Hook useEffect has a missing dependency: 'runVerificationSuite'. Either include it or remove the dependency array.  react-hooks/exhaustive-deps

./src/app/forms/[id]/governance/components/CollaborationIndicator.tsx
120:6  Warning: React Hook useEffect has a missing dependency: 'isOwner'. Either include it or remove the dependency array.  react-hooks/exhaustive-deps
128:6  Warning: React Hook useEffect has missing dependencies: 'channel', 'userEmail', and 'userInitials'. Either include them or remove the dependency array.  react-hooks/exhaustive-deps

./src/app/forms/[id]/governance/components/DiagnosticsDashboard.tsx
46:6  Warning: React Hook useEffect has a missing dependency: 'loadDiagnostics'. Either include it or remove the dependency array.  react-hooks/exhaustive-deps

./src/app/forms/[id]/governance/components/PublishControls.tsx
62:6  Warning: React Hook useEffect has a missing dependency: 'runValidation'. Either include it or remove the dependency array.  react-hooks/exhaustive-deps

./src/app/forms/[id]/governance/components/VersionHistoryTimeline.tsx
60:6  Warning: React Hook useEffect has a missing dependency: 'loadHistory'. Either include it or remove the dependency array.  react-hooks/exhaustive-deps

./src/app/forms/[id]/governance/page.tsx
43:6  Warning: React Hook useEffect has a missing dependency: 'loadForm'. Either include it or remove the dependency array.  react-hooks/exhaustive-deps

./src/app/forms/[id]/realtime/components/CollabActivityFeed.tsx
53:6  Warning: React Hook useEffect has a missing dependency: 'loadHistoricalLogs'. Either include it or remove the dependency array.  react-hooks/exhaustive-deps

./src/app/forms/[id]/realtime/components/CollabPresenceList.tsx
58:6  Warning: React Hook useEffect has a missing dependency: 'syncPresence'. Either include it or remove the dependency array.  react-hooks/exhaustive-deps

./src/app/forms/[id]/realtime/components/RealtimeNotificationHandler.tsx
49:6  Warning: React Hook useEffect has a missing dependency: 'onGovernanceTriggered'. Either include it or remove the dependency array. If 'onGovernanceTriggered' changes too often, find the parent component that defines it and wrap that definition in useCallback.  react-hooks/exhaustive-deps

./src/app/hr/employees/page.tsx
79:6  Warning: React Hook useEffect has missing dependencies: 'fetchEmployees' and 'fetchMembers'. Either include them or remove the dependency array.  react-hooks/exhaustive-deps

./src/app/hr/leave/page.tsx
84:6  Warning: React Hook useEffect has a missing dependency: 'fetchLeaveData'. Either include it or remove the dependency array.  react-hooks/exhaustive-deps

./src/app/hr/page.tsx
115:6  Warning: React Hook useEffect has a missing dependency: 'fetchHRData'. Either include it or remove the dependency array.  react-hooks/exhaustive-deps

./src/app/hr/payroll/page.tsx
106:6  Warning: React Hook useEffect has a missing dependency: 'fetchPayrollData'. Either include it or remove the dependency array.  react-hooks/exhaustive-deps

./src/app/hr/time-tracking/page.tsx
83:6  Warning: React Hook useEffect has a missing dependency: 'fetchTimeData'. Either include it or remove the dependency array.  react-hooks/exhaustive-deps

./src/app/inventory/page.tsx
69:6  Warning: React Hook useEffect has a missing dependency: 'fetchInventory'. Either include it or remove the dependency array.  react-hooks/exhaustive-deps

./src/app/layout.tsx
97:7  Warning: Custom fonts not added in `pages/_document.js` will only load for a single page. This is discouraged. See: https://nextjs.org/docs/messages/no-page-custom-font  @next/next/no-page-custom-font

./src/app/public/forms/[id]/usePublicForm.ts
103:9  Warning: The 'logicRules' logical expression could make the dependencies of useEffect Hook (at line 150) change on every render. To fix this, wrap the initialization of 'logicRules' in its own useMemo() Hook.  react-hooks/exhaustive-deps
201:6  Warning: React Hook useEffect has a missing dependency: 'workspaceId'. Either include it or remove the dependency array.  react-hooks/exhaustive-deps
227:6  Warning: React Hook useEffect has missing dependencies: 'formId' and 'workspaceId'. Either include them or remove the dependency array.  react-hooks/exhaustive-deps

./src/app/settings/components/tabs/AiCreditsTab.tsx
41:6  Warning: React Hook useEffect has a missing dependency: 'loadCredits'. Either include it or remove the dependency array.  react-hooks/exhaustive-deps

./src/app/settings/components/tabs/CustomDomainsTab.tsx
33:32  Warning: React Hook useEffect has a missing dependency: 'load'. Either include it or remove the dependency array.  react-hooks/exhaustive-deps

./src/app/settings/components/tabs/EmailProviderTab.tsx
45:6  Warning: React Hook useEffect has a missing dependency: 'load'. Either include it or remove the dependency array.  react-hooks/exhaustive-deps

./src/app/settings/developer/page.tsx
132:6  Warning: React Hook useEffect has missing dependencies: 'fetchApiKeys', 'fetchWebhookLogs', and 'fetchWebhooks'. Either include them or remove the dependency array.  react-hooks/exhaustive-deps

./src/app/settings/lena-chat/components/AgentsTab.tsx
52:6  Warning: React Hook useEffect has a missing dependency: 'fetchAgents'. Either include it or remove the dependency array.  react-hooks/exhaustive-deps

./src/app/settings/lena-chat/components/ConversationsTab.tsx
110:6  Warning: React Hook useEffect has missing dependencies: 'fetchAgentsList' and 'fetchConversations'. Either include them or remove the dependency array.  react-hooks/exhaustive-deps
120:6  Warning: React Hook useEffect has a missing dependency: 'selectedConv'. Either include it or remove the dependency array.  react-hooks/exhaustive-deps

./src/app/settings/lena-chat/components/KnowledgeBaseTab.tsx
48:6  Warning: React Hook useEffect has a missing dependency: 'fetchArticles'. Either include it or remove the dependency array.  react-hooks/exhaustive-deps

./src/app/student/courses/[id]/components/CourseQAWidget.tsx
46:6  Warning: React Hook useEffect has a missing dependency: 'loadHistory'. Either include it or remove the dependency array.  react-hooks/exhaustive-deps

./src/app/student/courses/[id]/components/LiveHelpWidget.tsx
57:6  Warning: React Hook useEffect has a missing dependency: 'supabase'. Either include it or remove the dependency array.  react-hooks/exhaustive-deps
63:6  Warning: React Hook useEffect has a missing dependency: 'fetchLiveHelpData'. Either include it or remove the dependency array.  react-hooks/exhaustive-deps
74:6  Warning: React Hook useEffect has missing dependencies: 'activeSession' and 'fetchChats'. Either include them or remove the dependency array.  react-hooks/exhaustive-deps
80:6  Warning: React Hook useEffect has a missing dependency: 'fetchRecordings'. Either include it or remove the dependency array.  react-hooks/exhaustive-deps

./src/app/student/courses/[id]/StudentPlayerClient.tsx
197:6  Warning: React Hook useEffect has a missing dependency: 'hasAssignmentBlock'. Either include it or remove the dependency array.  react-hooks/exhaustive-deps
258:6  Warning: React Hook useEffect has a missing dependency: 'handleToggleComplete'. Either include it or remove the dependency array.  react-hooks/exhaustive-deps

./src/app/widget/reviews/ReviewsWidgetClient.tsx
33:6  Warning: React Hook useEffect has a missing dependency: 'startAutoPlay'. Either include it or remove the dependency array.  react-hooks/exhaustive-deps

./src/app/workspaces/[id]/experts/components/SessionDetailsModal.tsx
30:6  Warning: React Hook useEffect has a missing dependency: 'fetchDetails'. Either include it or remove the dependency array.  react-hooks/exhaustive-deps

./src/app/workspaces/[id]/experts/components/SessionsTab.tsx
28:6  Warning: React Hook useEffect has a missing dependency: 'fetchSessions'. Either include it or remove the dependency array.  react-hooks/exhaustive-deps

./src/app/workspaces/[id]/experts/components/SlotsTab.tsx
25:6  Warning: React Hook useEffect has a missing dependency: 'fetchSlots'. Either include it or remove the dependency array.  react-hooks/exhaustive-deps

./src/components/builder/BuilderEditor.tsx
216:8  Warning: React Hook React.useEffect has a missing dependency: 'handleSaveDraft'. Either include it or remove the dependency array.  react-hooks/exhaustive-deps
482:8  Warning: React Hook React.useEffect has a missing dependency: 'type'. Either include it or remove the dependency array.  react-hooks/exhaustive-deps

./src/components/builder/MediaVaultModal.tsx
103:6  Warning: React Hook useEffect has a missing dependency: 'handleSearchUnsplash'. Either include it or remove the dependency array.  react-hooks/exhaustive-deps

./src/components/kanban/RichTextEditor.tsx
44:32  Warning: Image elements must have an alt prop, either with meaningful text, or an empty string for decorative images.  jsx-a11y/alt-text

./src/components/platform/HelpDrawer.tsx
63:6  Warning: React Hook useEffect has missing dependencies: 'fetchHelp' and 'fetchReleaseNote'. Either include them or remove the dependency array.  react-hooks/exhaustive-deps

./src/components/projects/ManageProjectModal.tsx
72:6  Warning: React Hook useEffect has a missing dependency: 'onClose'. Either include it or remove the dependency array. If 'onClose' changes too often, find the parent component that defines it and wrap that definition in useCallback.  react-hooks/exhaustive-deps

info  - Need to disable some ESLint rules? Learn more here: https://nextjs.org/docs/basic-features/eslint#disabling-rules
   Collecting page data ...
◇ injected env (0) from .env.local // tip: ⌘ multiple files { path: ['.env.local', '.env'] }
   Generating static pages (0/327) ...
{"level":50,"time":1788184722442,"service":"leadsmind","env":"production","err":{"type":"n","message":"Dynamic server usage: Route /automations couldn't be rendered statically because it used `cookies`. See more info here: https://nextjs.org/docs/messages/dynamic-server-error","stack":"Error: Dynamic server usage: Route /automations couldn't be rendered statically because it used `cookies`. See more info here: https://nextjs.org/docs/messages/dynamic-server-error\n    at u (C:\\Users\\User\\Leadsmind-new-dashboard\\.next\\server\\chunks\\38948.js:1:51894)\n    at f (C:\\Users\\User\\Leadsmind-new-dashboard\\.next\\server\\app\\api\\auth\\microsoft\\callback\\route.js:1:5389)\n    at f (C:\\Users\\User\\Leadsmind-new-dashboard\\.next\\server\\app\\api\\auth\\microsoft\\callback\\route.js:1:15881)\n    at c (C:\\Users\\User\\Leadsmind-new-dashboard\\.next\\server\\app\\automations\\page.js:51:1145)\n    at c (C:\\Users\\User\\Leadsmind-new-dashboard\\.next\\server\\app\\automations\\page.js:61:3379)\n    at em (C:\\Users\\User\\Leadsmind-new-dashboard\\node_modules\\next\\dist\\compiled\\next-server\\app-page.runtime.prod.js:12:134808)\n    at e (C:\\Users\\User\\Leadsmind-new-dashboard\\node_modules\\next\\dist\\compiled\\next-server\\app-page.runtime.prod.js:12:137693)\n    at e_ (C:\\Users\\User\\Leadsmind-new-dashboard\\node_modules\\next\\dist\\compiled\\next-server\\app-page.runtime.prod.js:12:138168)\n    at Array.toJSON (C:\\Users\\User\\Leadsmind-new-dashboard\\node_modules\\next\\dist\\compiled\\next-server\\app-page.runtime.prod.js:12:135777)\n    at stringify (<anonymous>)","description":"Route /automations couldn't be rendered statically because it used `cookies`. See more info here: https://nextjs.org/docs/messages/dynamic-server-error","digest":"DYNAMIC_SERVER_USAGE"},"workspaceId":null,"msg":"operations.workflows.fetch.failed"}
{"level":50,"time":1788184722482,"service":"leadsmind","env":"production","err":{"type":"n","message":"Dynamic server usage: Route /automations couldn't be rendered statically because it used `cookies`. See more info here: https://nextjs.org/docs/messages/dynamic-server-error","stack":"Error: Dynamic server usage: Route /automations couldn't be rendered statically because it used `cookies`. See more info here: https://nextjs.org/docs/messages/dynamic-server-error\n    at u (C:\\Users\\User\\Leadsmind-new-dashboard\\.next\\server\\chunks\\38948.js:1:51894)\n    at f (C:\\Users\\User\\Leadsmind-new-dashboard\\.next\\server\\app\\api\\auth\\microsoft\\callback\\route.js:1:5389)\n    at f (C:\\Users\\User\\Leadsmind-new-dashboard\\.next\\server\\app\\api\\auth\\microsoft\\callback\\route.js:1:15881)\n    at c (C:\\Users\\User\\Leadsmind-new-dashboard\\.next\\server\\app\\automations\\page.js:51:1145)\n    at c (C:\\Users\\User\\Leadsmind-new-dashboard\\.next\\server\\app\\automations\\page.js:61:3379)\n    at em (C:\\Users\\User\\Leadsmind-new-dashboard\\node_modules\\next\\dist\\compiled\\next-server\\app-page.runtime.prod.js:12:134808)\n    at e (C:\\Users\\User\\Leadsmind-new-dashboard\\node_modules\\next\\dist\\compiled\\next-server\\app-page.runtime.prod.js:12:137693)\n    at e_ (C:\\Users\\User\\Leadsmind-new-dashboard\\node_modules\\next\\dist\\compiled\\next-server\\app-page.runtime.prod.js:12:138168)\n    at Array.toJSON (C:\\Users\\User\\Leadsmind-new-dashboard\\node_modules\\next\\dist\\compiled\\next-server\\app-page.runtime.prod.js:12:135777)\n    at stringify (<anonymous>)","description":"Route /automations couldn't be rendered statically because it used `cookies`. See more info here: https://nextjs.org/docs/messages/dynamic-server-error","digest":"DYNAMIC_SERVER_USAGE"},"workspaceId":null,"msg":"operations.workflows.fetch.failed"}
   Generating static pages (81/327) 
{"level":50,"time":1788184724356,"service":"leadsmind","env":"production","err":{"type":"n","message":"Dynamic server usage: Route /courses couldn't be rendered statically because it used `cookies`. See more info here: https://nextjs.org/docs/messages/dynamic-server-error","stack":"Error: Dynamic server usage: Route /courses couldn't be rendered statically because it used `cookies`. See more info here: https://nextjs.org/docs/messages/dynamic-server-error\n    at u (C:\\Users\\User\\Leadsmind-new-dashboard\\.next\\server\\chunks\\38948.js:1:51894)\n    at d (C:\\Users\\User\\Leadsmind-new-dashboard\\.next\\server\\app\\api\\auth\\portal\\password-login\\route.js:1:24437)\n    at p (C:\\Users\\User\\Leadsmind-new-dashboard\\.next\\server\\app\\api\\builder\\submit\\route.js:1:15411)\n    at d (C:\\Users\\User\\Leadsmind-new-dashboard\\.next\\server\\chunks\\9526.js:32:4364)\n    at i (C:\\Users\\User\\Leadsmind-new-dashboard\\.next\\server\\app\\courses\\page.js:1:45390)\n    at em (C:\\Users\\User\\Leadsmind-new-dashboard\\node_modules\\next\\dist\\compiled\\next-server\\app-page.runtime.prod.js:12:134808)\n    at e (C:\\Users\\User\\Leadsmind-new-dashboard\\node_modules\\next\\dist\\compiled\\next-server\\app-page.runtime.prod.js:12:137693)\n    at e_ (C:\\Users\\User\\Leadsmind-new-dashboard\\node_modules\\next\\dist\\compiled\\next-server\\app-page.runtime.prod.js:12:138168)\n    at Array.toJSON (C:\\Users\\User\\Leadsmind-new-dashboard\\node_modules\\next\\dist\\compiled\\next-server\\app-page.runtime.prod.js:12:135777)\n    at stringify (<anonymous>)","description":"Route /courses couldn't be rendered statically because it used `cookies`. See more info here: https://nextjs.org/docs/messages/dynamic-server-error","digest":"DYNAMIC_SERVER_USAGE"},"msg":"get.courses.failed"}
{"level":50,"time":1788184724382,"service":"leadsmind","env":"production","err":{"type":"n","message":"Dynamic server usage: Route /courses couldn't be rendered statically because it used `cookies`. See more info here: https://nextjs.org/docs/messages/dynamic-server-error","stack":"Error: Dynamic server usage: Route /courses couldn't be rendered statically because it used `cookies`. See more info here: https://nextjs.org/docs/messages/dynamic-server-error\n    at u (C:\\Users\\User\\Leadsmind-new-dashboard\\.next\\server\\chunks\\38948.js:1:51894)\n    at d (C:\\Users\\User\\Leadsmind-new-dashboard\\.next\\server\\app\\api\\auth\\portal\\password-login\\route.js:1:24437)\n    at p (C:\\Users\\User\\Leadsmind-new-dashboard\\.next\\server\\app\\api\\builder\\submit\\route.js:1:15411)\n    at d (C:\\Users\\User\\Leadsmind-new-dashboard\\.next\\server\\chunks\\9526.js:32:4364)\n    at i (C:\\Users\\User\\Leadsmind-new-dashboard\\.next\\server\\app\\courses\\page.js:1:45390)\n    at em (C:\\Users\\User\\Leadsmind-new-dashboard\\node_modules\\next\\dist\\compiled\\next-server\\app-page.runtime.prod.js:12:134808)\n    at e (C:\\Users\\User\\Leadsmind-new-dashboard\\node_modules\\next\\dist\\compiled\\next-server\\app-page.runtime.prod.js:12:137693)\n    at e_ (C:\\Users\\User\\Leadsmind-new-dashboard\\node_modules\\next\\dist\\compiled\\next-server\\app-page.runtime.prod.js:12:138168)\n    at Array.toJSON (C:\\Users\\User\\Leadsmind-new-dashboard\\node_modules\\next\\dist\\compiled\\next-server\\app-page.runtime.prod.js:12:135777)\n    at stringify (<anonymous>)","description":"Route /courses couldn't be rendered statically because it used `cookies`. See more info here: https://nextjs.org/docs/messages/dynamic-server-error","digest":"DYNAMIC_SERVER_USAGE"},"msg":"get.courses.failed"}
{"level":50,"time":1788184724364,"service":"leadsmind","env":"production","err":{"type":"n","message":"Dynamic server usage: Route /conversations couldn't be rendered statically because it used `cookies`. See more info here: https://nextjs.org/docs/messages/dynamic-server-error","stack":"Error: Dynamic server usage: Route /conversations couldn't be rendered statically because it used `cookies`. See more info here: https://nextjs.org/docs/messages/dynamic-server-error\n    at u (C:\\Users\\User\\Leadsmind-new-dashboard\\.next\\server\\chunks\\38948.js:1:51894)\n    at p (C:\\Users\\User\\Leadsmind-new-dashboard\\.next\\server\\app\\api\\auth\\portal\\magic-link\\route.js:12:2455)\n    at p (C:\\Users\\User\\Leadsmind-new-dashboard\\.next\\server\\app\\api\\support\\tickets\\[id]\\route.js:1:17820)\n    at w (C:\\Users\\User\\Leadsmind-new-dashboard\\.next\\server\\chunks\\36971.js:1:5627)\n    at d (C:\\Users\\User\\Leadsmind-new-dashboard\\.next\\server\\app\\conversations\\page.js:25:4270)\n    at em (C:\\Users\\User\\Leadsmind-new-dashboard\\node_modules\\next\\dist\\compiled\\next-server\\app-page.runtime.prod.js:12:134808)\n    at e (C:\\Users\\User\\Leadsmind-new-dashboard\\node_modules\\next\\dist\\compiled\\next-server\\app-page.runtime.prod.js:12:137693)\n    at e_ (C:\\Users\\User\\Leadsmind-new-dashboard\\node_modules\\next\\dist\\compiled\\next-server\\app-page.runtime.prod.js:12:138168)\n    at Array.toJSON (C:\\Users\\User\\Leadsmind-new-dashboard\\node_modules\\next\\dist\\compiled\\next-server\\app-page.runtime.prod.js:12:135777)\n    at stringify (<anonymous>)","description":"Route /conversations couldn't be rendered statically because it used `cookies`. See more info here: https://nextjs.org/docs/messages/dynamic-server-error","digest":"DYNAMIC_SERVER_USAGE"},"workspaceId":null,"msg":"messaging.conversations.fetch.failed"}
{"level":50,"time":1788184724376,"service":"leadsmind","env":"production","err":{"type":"n","message":"Dynamic server usage: Route /conversations couldn't be rendered statically because it used `cookies`. See more info here: https://nextjs.org/docs/messages/dynamic-server-error","stack":"Error: Dynamic server usage: Route /conversations couldn't be rendered statically because it used `cookies`. See more info here: https://nextjs.org/docs/messages/dynamic-server-error\n    at u (C:\\Users\\User\\Leadsmind-new-dashboard\\.next\\server\\chunks\\38948.js:1:51894)\n    at p (C:\\Users\\User\\Leadsmind-new-dashboard\\.next\\server\\app\\api\\auth\\portal\\magic-link\\route.js:12:2455)\n    at p (C:\\Users\\User\\Leadsmind-new-dashboard\\.next\\server\\app\\api\\support\\tickets\\[id]\\route.js:1:17820)\n    at f (C:\\Users\\User\\Leadsmind-new-dashboard\\.next\\server\\chunks\\36971.js:1:4711)\n    at d (C:\\Users\\User\\Leadsmind-new-dashboard\\.next\\server\\app\\conversations\\page.js:25:4300)\n    at em (C:\\Users\\User\\Leadsmind-new-dashboard\\node_modules\\next\\dist\\compiled\\next-server\\app-page.runtime.prod.js:12:134808)\n    at e (C:\\Users\\User\\Leadsmind-new-dashboard\\node_modules\\next\\dist\\compiled\\next-server\\app-page.runtime.prod.js:12:137693)\n    at e_ (C:\\Users\\User\\Leadsmind-new-dashboard\\node_modules\\next\\dist\\compiled\\next-server\\app-page.runtime.prod.js:12:138168)\n    at Array.toJSON (C:\\Users\\User\\Leadsmind-new-dashboard\\node_modules\\next\\dist\\compiled\\next-server\\app-page.runtime.prod.js:12:135777)\n    at stringify (<anonymous>)","description":"Route /conversations couldn't be rendered statically because it used `cookies`. See more info here: https://nextjs.org/docs/messages/dynamic-server-error","digest":"DYNAMIC_SERVER_USAGE"},"workspaceId":null,"msg":"messaging.platforms.fetch.failed"}
{"level":50,"time":1788184724391,"service":"leadsmind","env":"production","err":{"type":"n","message":"Dynamic server usage: Route /conversations couldn't be rendered statically because it used `cookies`. See more info here: https://nextjs.org/docs/messages/dynamic-server-error","stack":"Error: Dynamic server usage: Route /conversations couldn't be rendered statically because it used `cookies`. See more info here: https://nextjs.org/docs/messages/dynamic-server-error\n    at u (C:\\Users\\User\\Leadsmind-new-dashboard\\.next\\server\\chunks\\38948.js:1:51894)\n    at p (C:\\Users\\User\\Leadsmind-new-dashboard\\.next\\server\\app\\api\\auth\\portal\\magic-link\\route.js:12:2455)\n    at p (C:\\Users\\User\\Leadsmind-new-dashboard\\.next\\server\\app\\api\\support\\tickets\\[id]\\route.js:1:17820)\n    at w (C:\\Users\\User\\Leadsmind-new-dashboard\\.next\\server\\chunks\\36971.js:1:5627)\n    at d (C:\\Users\\User\\Leadsmind-new-dashboard\\.next\\server\\app\\conversations\\page.js:25:4270)\n    at em (C:\\Users\\User\\Leadsmind-new-dashboard\\node_modules\\next\\dist\\compiled\\next-server\\app-page.runtime.prod.js:12:134808)\n    at e (C:\\Users\\User\\Leadsmind-new-dashboard\\node_modules\\next\\dist\\compiled\\next-server\\app-page.runtime.prod.js:12:137693)\n    at e_ (C:\\Users\\User\\Leadsmind-new-dashboard\\node_modules\\next\\dist\\compiled\\next-server\\app-page.runtime.prod.js:12:138168)\n    at Array.toJSON (C:\\Users\\User\\Leadsmind-new-dashboard\\node_modules\\next\\dist\\compiled\\next-server\\app-page.runtime.prod.js:12:135777)\n    at stringify (<anonymous>)","description":"Route /conversations couldn't be rendered statically because it used `cookies`. See more info here: https://nextjs.org/docs/messages/dynamic-server-error","digest":"DYNAMIC_SERVER_USAGE"},"workspaceId":null,"msg":"messaging.conversations.fetch.failed"}
{"level":50,"time":1788184724392,"service":"leadsmind","env":"production","err":{"type":"n","message":"Dynamic server usage: Route /conversations couldn't be rendered statically because it used `cookies`. See more info here: https://nextjs.org/docs/messages/dynamic-server-error","stack":"Error: Dynamic server usage: Route /conversations couldn't be rendered statically because it used `cookies`. See more info here: https://nextjs.org/docs/messages/dynamic-server-error\n    at u (C:\\Users\\User\\Leadsmind-new-dashboard\\.next\\server\\chunks\\38948.js:1:51894)\n    at p (C:\\Users\\User\\Leadsmind-new-dashboard\\.next\\server\\app\\api\\auth\\portal\\magic-link\\route.js:12:2455)\n    at p (C:\\Users\\User\\Leadsmind-new-dashboard\\.next\\server\\app\\api\\support\\tickets\\[id]\\route.js:1:17820)\n    at f (C:\\Users\\User\\Leadsmind-new-dashboard\\.next\\server\\chunks\\36971.js:1:4711)\n    at d (C:\\Users\\User\\Leadsmind-new-dashboard\\.next\\server\\app\\conversations\\page.js:25:4300)\n    at em (C:\\Users\\User\\Leadsmind-new-dashboard\\node_modules\\next\\dist\\compiled\\next-server\\app-page.runtime.prod.js:12:134808)\n    at e (C:\\Users\\User\\Leadsmind-new-dashboard\\node_modules\\next\\dist\\compiled\\next-server\\app-page.runtime.prod.js:12:137693)\n    at e_ (C:\\Users\\User\\Leadsmind-new-dashboard\\node_modules\\next\\dist\\compiled\\next-server\\app-page.runtime.prod.js:12:138168)\n    at Array.toJSON (C:\\Users\\User\\Leadsmind-new-dashboard\\node_modules\\next\\dist\\compiled\\next-server\\app-page.runtime.prod.js:12:135777)\n    at stringify (<anonymous>)","description":"Route /conversations couldn't be rendered statically because it used `cookies`. See more info here: https://nextjs.org/docs/messages/dynamic-server-error","digest":"DYNAMIC_SERVER_USAGE"},"workspaceId":null,"msg":"messaging.platforms.fetch.failed"}
{"level":50,"time":1788184724409,"service":"leadsmind","env":"production","err":{"type":"a","message":"Unauthorized","stack":"UnauthorizedError: Unauthorized\n    at p (C:\\Users\\User\\Leadsmind-new-dashboard\\.next\\server\\app\\api\\auth\\microsoft\\route.js:1:15515)\n    at runNextTicks (node:internal/process/task_queues:64:5)\n    at listOnTimeout (node:internal/timers:567:9)\n    at process.processTimers (node:internal/timers:541:7)\n    at async b (C:\\Users\\User\\Leadsmind-new-dashboard\\.next\\server\\chunks\\9797.js:52:21690)\n    at async Promise.all (index 1)\n    at async o (C:\\Users\\User\\Leadsmind-new-dashboard\\.next\\server\\app\\campaigns\\page.js:1:74022)","name":"UnauthorizedError"},"msg":"list.tags.failed"}
{"level":50,"time":1788184724413,"service":"leadsmind","env":"production","err":{"type":"a","message":"Unauthorized","stack":"UnauthorizedError: Unauthorized\n    at p (C:\\Users\\User\\Leadsmind-new-dashboard\\.next\\server\\app\\api\\auth\\microsoft\\route.js:1:15515)\n    at runNextTicks (node:internal/process/task_queues:64:5)\n    at listOnTimeout (node:internal/timers:567:9)\n    at process.processTimers (node:internal/timers:541:7)\n    at async c (C:\\Users\\User\\Leadsmind-new-dashboard\\.next\\server\\app\\campaigns\\[id]\\builder\\page.js:215:47846)\n    at async Promise.all (index 2)\n    at async o (C:\\Users\\User\\Leadsmind-new-dashboard\\.next\\server\\app\\campaigns\\page.js:1:74022)","name":"UnauthorizedError"},"msg":"list.segments.failed"}
{"level":50,"time":1788184724422,"service":"leadsmind","env":"production","err":{"type":"a","message":"Unauthorized","stack":"UnauthorizedError: Unauthorized\n    at p (C:\\Users\\User\\Leadsmind-new-dashboard\\.next\\server\\app\\api\\auth\\microsoft\\route.js:1:15515)\n    at async b (C:\\Users\\User\\Leadsmind-new-dashboard\\.next\\server\\chunks\\9797.js:52:21690)\n    at async Promise.all (index 1)\n    at async o (C:\\Users\\User\\Leadsmind-new-dashboard\\.next\\server\\app\\campaigns\\page.js:1:74022)","name":"UnauthorizedError"},"msg":"list.tags.failed"}
{"level":50,"time":1788184724423,"service":"leadsmind","env":"production","err":{"type":"a","message":"Unauthorized","stack":"UnauthorizedError: Unauthorized\n    at p (C:\\Users\\User\\Leadsmind-new-dashboard\\.next\\server\\app\\api\\auth\\microsoft\\route.js:1:15515)\n    at async c (C:\\Users\\User\\Leadsmind-new-dashboard\\.next\\server\\app\\campaigns\\[id]\\builder\\page.js:215:47846)\n    at async Promise.all (index 2)\n    at async o (C:\\Users\\User\\Leadsmind-new-dashboard\\.next\\server\\app\\campaigns\\page.js:1:74022)","name":"UnauthorizedError"},"msg":"list.segments.failed"}
{"level":50,"time":1788184731363,"service":"leadsmind","env":"production","err":{"type":"c","message":"No active workspace configured.","stack":"AppError: No active workspace configured.\n    at u (C:\\Users\\User\\Leadsmind-new-dashboard\\.next\\server\\app\\community\\forums\\page.js:42:642)\n    at async d (C:\\Users\\User\\Leadsmind-new-dashboard\\.next\\server\\app\\community\\forums\\page.js:42:3909)","code":"DB_ERROR","httpStatus":500,"name":"AppError"},"board":"Ask a Question","msg":"forum.posts.fetch.failed"}
{"level":50,"time":1788184731396,"service":"leadsmind","env":"production","err":{"type":"c","message":"No active workspace configured.","stack":"AppError: No active workspace configured.\n    at u (C:\\Users\\User\\Leadsmind-new-dashboard\\.next\\server\\app\\community\\forums\\page.js:42:642)\n    at async d (C:\\Users\\User\\Leadsmind-new-dashboard\\.next\\server\\app\\community\\forums\\page.js:42:3909)","code":"DB_ERROR","httpStatus":500,"name":"AppError"},"board":"Ask a Question","msg":"forum.posts.fetch.failed"}
   Generating static pages (163/327) 
{"level":50,"time":1788184733041,"service":"leadsmind","env":"production","err":{"type":"n","message":"Dynamic server usage: Route /orders couldn't be rendered statically because it used `cookies`. See more info here: https://nextjs.org/docs/messages/dynamic-server-error","stack":"Error: Dynamic server usage: Route /orders couldn't be rendered statically because it used `cookies`. See more info here: https://nextjs.org/docs/messages/dynamic-server-error\n    at u (C:\\Users\\User\\Leadsmind-new-dashboard\\.next\\server\\chunks\\38948.js:1:51894)\n    at p (C:\\Users\\User\\Leadsmind-new-dashboard\\.next\\server\\app\\api\\auth\\portal\\otp\\route.js:1:5850)\n    at f (C:\\Users\\User\\Leadsmind-new-dashboard\\.next\\server\\app\\api\\lms\\analytics\\route.js:1:15381)\n    at o (C:\\Users\\User\\Leadsmind-new-dashboard\\.next\\server\\app\\support\\tickets-reply\\page.js:1:26628)\n    at c (C:\\Users\\User\\Leadsmind-new-dashboard\\.next\\server\\app\\orders\\page.js:42:4642)\n    at em (C:\\Users\\User\\Leadsmind-new-dashboard\\node_modules\\next\\dist\\compiled\\next-server\\app-page.runtime.prod.js:12:134808)\n    at e (C:\\Users\\User\\Leadsmind-new-dashboard\\node_modules\\next\\dist\\compiled\\next-server\\app-page.runtime.prod.js:12:137693)\n    at e_ (C:\\Users\\User\\Leadsmind-new-dashboard\\node_modules\\next\\dist\\compiled\\next-server\\app-page.runtime.prod.js:12:138168)\n    at Array.toJSON (C:\\Users\\User\\Leadsmind-new-dashboard\\node_modules\\next\\dist\\compiled\\next-server\\app-page.runtime.prod.js:12:135777)\n    at stringify (<anonymous>)","description":"Route /orders couldn't be rendered statically because it used `cookies`. See more info here: https://nextjs.org/docs/messages/dynamic-server-error","digest":"DYNAMIC_SERVER_USAGE"},"workspaceId":null,"msg":"operations.orders.fetch.failed"}
{"level":50,"time":1788184733056,"service":"leadsmind","env":"production","err":{"type":"n","message":"Dynamic server usage: Route /orders couldn't be rendered statically because it used `cookies`. See more info here: https://nextjs.org/docs/messages/dynamic-server-error","stack":"Error: Dynamic server usage: Route /orders couldn't be rendered statically because it used `cookies`. See more info here: https://nextjs.org/docs/messages/dynamic-server-error\n    at u (C:\\Users\\User\\Leadsmind-new-dashboard\\.next\\server\\chunks\\38948.js:1:51894)\n    at p (C:\\Users\\User\\Leadsmind-new-dashboard\\.next\\server\\app\\api\\auth\\portal\\otp\\route.js:1:5850)\n    at f (C:\\Users\\User\\Leadsmind-new-dashboard\\.next\\server\\app\\api\\lms\\analytics\\route.js:1:15381)\n    at o (C:\\Users\\User\\Leadsmind-new-dashboard\\.next\\server\\app\\support\\tickets-reply\\page.js:1:26628)\n    at c (C:\\Users\\User\\Leadsmind-new-dashboard\\.next\\server\\app\\orders\\page.js:42:4642)\n    at em (C:\\Users\\User\\Leadsmind-new-dashboard\\node_modules\\next\\dist\\compiled\\next-server\\app-page.runtime.prod.js:12:134808)\n    at e (C:\\Users\\User\\Leadsmind-new-dashboard\\node_modules\\next\\dist\\compiled\\next-server\\app-page.runtime.prod.js:12:137693)\n    at e_ (C:\\Users\\User\\Leadsmind-new-dashboard\\node_modules\\next\\dist\\compiled\\next-server\\app-page.runtime.prod.js:12:138168)\n    at Array.toJSON (C:\\Users\\User\\Leadsmind-new-dashboard\\node_modules\\next\\dist\\compiled\\next-server\\app-page.runtime.prod.js:12:135777)\n    at stringify (<anonymous>)","description":"Route /orders couldn't be rendered statically because it used `cookies`. See more info here: https://nextjs.org/docs/messages/dynamic-server-error","digest":"DYNAMIC_SERVER_USAGE"},"workspaceId":null,"msg":"operations.orders.fetch.failed"}
{"level":50,"time":1788184733065,"service":"leadsmind","env":"production","err":{"type":"n","message":"Dynamic server usage: Route /media couldn't be rendered statically because it used `cookies`. See more info here: https://nextjs.org/docs/messages/dynamic-server-error","stack":"Error: Dynamic server usage: Route /media couldn't be rendered statically because it used `cookies`. See more info here: https://nextjs.org/docs/messages/dynamic-server-error\n    at u (C:\\Users\\User\\Leadsmind-new-dashboard\\.next\\server\\chunks\\38948.js:1:51894)\n    at f (C:\\Users\\User\\Leadsmind-new-dashboard\\.next\\server\\app\\api\\public\\forms\\[id]\\recovery-link\\route.js:14:4509)\n    at m (C:\\Users\\User\\Leadsmind-new-dashboard\\.next\\server\\chunks\\62211.js:9:11780)\n    at b (C:\\Users\\User\\Leadsmind-new-dashboard\\.next\\server\\app\\media\\page.js:42:317)\n    at n (C:\\Users\\User\\Leadsmind-new-dashboard\\.next\\server\\app\\media\\page.js:42:3392)\n    at em (C:\\Users\\User\\Leadsmind-new-dashboard\\node_modules\\next\\dist\\compiled\\next-server\\app-page.runtime.prod.js:12:134808)\n    at e (C:\\Users\\User\\Leadsmind-new-dashboard\\node_modules\\next\\dist\\compiled\\next-server\\app-page.runtime.prod.js:12:137693)\n    at e_ (C:\\Users\\User\\Leadsmind-new-dashboard\\node_modules\\next\\dist\\compiled\\next-server\\app-page.runtime.prod.js:12:138168)\n    at Array.toJSON (C:\\Users\\User\\Leadsmind-new-dashboard\\node_modules\\next\\dist\\compiled\\next-server\\app-page.runtime.prod.js:12:135777)\n    at stringify (<anonymous>)","description":"Route /media couldn't be rendered statically because it used `cookies`. See more info here: https://nextjs.org/docs/messages/dynamic-server-error","digest":"DYNAMIC_SERVER_USAGE"},"workspaceId":null,"msg":"operations.media_files.fetch.failed"}
{"level":50,"time":1788184733084,"service":"leadsmind","env":"production","err":{"type":"n","message":"Dynamic server usage: Route /media couldn't be rendered statically because it used `cookies`. See more info here: https://nextjs.org/docs/messages/dynamic-server-error","stack":"Error: Dynamic server usage: Route /media couldn't be rendered statically because it used `cookies`. See more info here: https://nextjs.org/docs/messages/dynamic-server-error\n    at u (C:\\Users\\User\\Leadsmind-new-dashboard\\.next\\server\\chunks\\38948.js:1:51894)\n    at f (C:\\Users\\User\\Leadsmind-new-dashboard\\.next\\server\\app\\api\\public\\forms\\[id]\\recovery-link\\route.js:14:4509)\n    at m (C:\\Users\\User\\Leadsmind-new-dashboard\\.next\\server\\chunks\\62211.js:9:11780)\n    at b (C:\\Users\\User\\Leadsmind-new-dashboard\\.next\\server\\app\\media\\page.js:42:317)\n    at n (C:\\Users\\User\\Leadsmind-new-dashboard\\.next\\server\\app\\media\\page.js:42:3392)\n    at em (C:\\Users\\User\\Leadsmind-new-dashboard\\node_modules\\next\\dist\\compiled\\next-server\\app-page.runtime.prod.js:12:134808)\n    at e (C:\\Users\\User\\Leadsmind-new-dashboard\\node_modules\\next\\dist\\compiled\\next-server\\app-page.runtime.prod.js:12:137693)\n    at e_ (C:\\Users\\User\\Leadsmind-new-dashboard\\node_modules\\next\\dist\\compiled\\next-server\\app-page.runtime.prod.js:12:138168)\n    at Array.toJSON (C:\\Users\\User\\Leadsmind-new-dashboard\\node_modules\\next\\dist\\compiled\\next-server\\app-page.runtime.prod.js:12:135777)\n    at stringify (<anonymous>)","description":"Route /media couldn't be rendered statically because it used `cookies`. See more info here: https://nextjs.org/docs/messages/dynamic-server-error","digest":"DYNAMIC_SERVER_USAGE"},"workspaceId":null,"msg":"operations.media_files.fetch.failed"}
{"level":50,"time":1788184734258,"service":"leadsmind","env":"production","err":{"type":"a","message":"Unauthorized","stack":"UnauthorizedError: Unauthorized\n    at f (C:\\Users\\User\\Leadsmind-new-dashboard\\.next\\server\\app\\api\\support\\tickets\\[id]\\route.js:1:17975)\n    at runNextTicks (node:internal/process/task_queues:64:5)\n    at listOnTimeout (node:internal/timers:567:9)\n    at process.processTimers (node:internal/timers:541:7)\n    at async n (C:\\Users\\User\\Leadsmind-new-dashboard\\.next\\server\\app\\projects\\page.js:37:5007)\n    at async c (C:\\Users\\User\\Leadsmind-new-dashboard\\.next\\server\\app\\projects\\page.js:119:2263)","name":"UnauthorizedError"},"workspaceId":null,"msg":"operations.projects.fetch.failed"}
{"level":50,"time":1788184734265,"service":"leadsmind","env":"production","err":{"type":"a","message":"Unauthorized","stack":"UnauthorizedError: Unauthorized\n    at f (C:\\Users\\User\\Leadsmind-new-dashboard\\.next\\server\\app\\api\\support\\tickets\\[id]\\route.js:1:17975)\n    at async n (C:\\Users\\User\\Leadsmind-new-dashboard\\.next\\server\\app\\projects\\page.js:37:5007)\n    at async c (C:\\Users\\User\\Leadsmind-new-dashboard\\.next\\server\\app\\projects\\page.js:119:2263)","name":"UnauthorizedError"},"workspaceId":null,"msg":"operations.projects.fetch.failed"}
{"level":50,"time":1788184735380,"service":"leadsmind","env":"production","err":{"type":"a","message":"Unauthorized","stack":"UnauthorizedError: Unauthorized\n    at p (C:\\Users\\User\\Leadsmind-new-dashboard\\.next\\server\\chunks\\62211.js:9:11935)\n    at runNextTicks (node:internal/process/task_queues:64:5)\n    at listOnTimeout (node:internal/timers:567:9)\n    at process.processTimers (node:internal/timers:541:7)\n    at async d (C:\\Users\\User\\Leadsmind-new-dashboard\\.next\\server\\chunks\\41570.js:32:3430)\n    at async r (C:\\Users\\User\\Leadsmind-new-dashboard\\.next\\server\\app\\social\\connections\\page.js:1:15739)","name":"UnauthorizedError"},"msg":"social.accounts.fetch.failed"}
{"level":50,"time":1788184735401,"service":"leadsmind","env":"production","err":{"type":"a","message":"Unauthorized","stack":"UnauthorizedError: Unauthorized\n    at p (C:\\Users\\User\\Leadsmind-new-dashboard\\.next\\server\\chunks\\62211.js:9:11935)\n    at async d (C:\\Users\\User\\Leadsmind-new-dashboard\\.next\\server\\chunks\\41570.js:32:3430)\n    at async r (C:\\Users\\User\\Leadsmind-new-dashboard\\.next\\server\\app\\social\\connections\\page.js:1:15739)","name":"UnauthorizedError"},"msg":"social.accounts.fetch.failed"}
{"level":50,"time":1788184735387,"service":"leadsmind","env":"production","err":{"type":"a","message":"Unauthorized","stack":"UnauthorizedError: Unauthorized\n    at p (C:\\Users\\User\\Leadsmind-new-dashboard\\.next\\server\\app\\api\\lms\\analytics\\route.js:1:15536)\n    at runNextTicks (node:internal/process/task_queues:64:5)\n    at listOnTimeout (node:internal/timers:567:9)\n    at process.processTimers (node:internal/timers:541:7)\n    at async l (C:\\Users\\User\\Leadsmind-new-dashboard\\.next\\server\\chunks\\41570.js:32:3869)\n    at async l (C:\\Users\\User\\Leadsmind-new-dashboard\\.next\\server\\app\\social\\calendar\\page.js:1:16394)","name":"UnauthorizedError"},"msg":"social.posts.fetch.failed"}
{"level":50,"time":1788184735403,"service":"leadsmind","env":"production","err":{"type":"a","message":"Unauthorized","stack":"UnauthorizedError: Unauthorized\n    at p (C:\\Users\\User\\Leadsmind-new-dashboard\\.next\\server\\app\\api\\lms\\analytics\\route.js:1:15536)\n    at async l (C:\\Users\\User\\Leadsmind-new-dashboard\\.next\\server\\chunks\\41570.js:32:3869)\n    at async l (C:\\Users\\User\\Leadsmind-new-dashboard\\.next\\server\\app\\social\\calendar\\page.js:1:16394)","name":"UnauthorizedError"},"msg":"social.posts.fetch.failed"}
{"level":50,"time":1788184736030,"service":"leadsmind","env":"production","err":{"type":"a","message":"Unauthorized","stack":"UnauthorizedError: Unauthorized\n    at p (C:\\Users\\User\\Leadsmind-new-dashboard\\.next\\server\\chunks\\62211.js:9:11935)\n    at processTicksAndRejections (node:internal/process/task_queues:103:5)\n    at runNextTicks (node:internal/process/task_queues:68:3)\n    at listOnTimeout (node:internal/timers:567:9)\n    at process.processTimers (node:internal/timers:541:7)\n    at async l (C:\\Users\\User\\Leadsmind-new-dashboard\\.next\\server\\chunks\\41570.js:32:3869)\n    at async Promise.all (index 0)","name":"UnauthorizedError"},"msg":"social.posts.fetch.failed"}
{"level":50,"time":1788184736031,"service":"leadsmind","env":"production","err":{"type":"a","message":"Unauthorized","stack":"UnauthorizedError: Unauthorized\n    at p (C:\\Users\\User\\Leadsmind-new-dashboard\\.next\\server\\chunks\\62211.js:9:11935)\n    at processTicksAndRejections (node:internal/process/task_queues:103:5)\n    at runNextTicks (node:internal/process/task_queues:68:3)\n    at listOnTimeout (node:internal/timers:567:9)\n    at process.processTimers (node:internal/timers:541:7)\n    at async d (C:\\Users\\User\\Leadsmind-new-dashboard\\.next\\server\\chunks\\41570.js:32:3430)\n    at async Promise.all (index 1)","name":"UnauthorizedError"},"msg":"social.accounts.fetch.failed"}
{"level":50,"time":1788184736043,"service":"leadsmind","env":"production","err":{"type":"a","message":"Unauthorized","stack":"UnauthorizedError: Unauthorized\n    at p (C:\\Users\\User\\Leadsmind-new-dashboard\\.next\\server\\chunks\\62211.js:9:11935)\n    at async l (C:\\Users\\User\\Leadsmind-new-dashboard\\.next\\server\\chunks\\41570.js:32:3869)\n    at async Promise.all (index 0)","name":"UnauthorizedError"},"msg":"social.posts.fetch.failed"}
{"level":50,"time":1788184736043,"service":"leadsmind","env":"production","err":{"type":"a","message":"Unauthorized","stack":"UnauthorizedError: Unauthorized\n    at p (C:\\Users\\User\\Leadsmind-new-dashboard\\.next\\server\\chunks\\62211.js:9:11935)\n    at async d (C:\\Users\\User\\Leadsmind-new-dashboard\\.next\\server\\chunks\\41570.js:32:3430)\n    at async Promise.all (index 1)","name":"UnauthorizedError"},"msg":"social.accounts.fetch.failed"}
{"level":50,"time":1788184736055,"service":"leadsmind","env":"production","err":{"type":"n","message":"Dynamic server usage: Route /support couldn't be rendered statically because it used `cookies`. See more info here: https://nextjs.org/docs/messages/dynamic-server-error","stack":"Error: Dynamic server usage: Route /support couldn't be rendered statically because it used `cookies`. See more info here: https://nextjs.org/docs/messages/dynamic-server-error\n    at u (C:\\Users\\User\\Leadsmind-new-dashboard\\.next\\server\\chunks\\38948.js:1:51894)\n    at f (C:\\Users\\User\\Leadsmind-new-dashboard\\.next\\server\\app\\api\\auth\\microsoft\\route.js:1:4868)\n    at f (C:\\Users\\User\\Leadsmind-new-dashboard\\.next\\server\\app\\api\\auth\\microsoft\\route.js:1:15360)\n    at f (C:\\Users\\User\\Leadsmind-new-dashboard\\.next\\server\\app\\orders\\page.js:32:6465)\n    at j (C:\\Users\\User\\Leadsmind-new-dashboard\\.next\\server\\app\\support\\page.js:11:6845)\n    at em (C:\\Users\\User\\Leadsmind-new-dashboard\\node_modules\\next\\dist\\compiled\\next-server\\app-page.runtime.prod.js:12:134808)\n    at e (C:\\Users\\User\\Leadsmind-new-dashboard\\node_modules\\next\\dist\\compiled\\next-server\\app-page.runtime.prod.js:12:137693)\n    at e_ (C:\\Users\\User\\Leadsmind-new-dashboard\\node_modules\\next\\dist\\compiled\\next-server\\app-page.runtime.prod.js:12:138168)\n    at Array.toJSON (C:\\Users\\User\\Leadsmind-new-dashboard\\node_modules\\next\\dist\\compiled\\next-server\\app-page.runtime.prod.js:12:135777)\n    at stringify (<anonymous>)","description":"Route /support couldn't be rendered statically because it used `cookies`. See more info here: https://nextjs.org/docs/messages/dynamic-server-error","digest":"DYNAMIC_SERVER_USAGE"},"workspaceId":null,"msg":"operations.support_tickets.fetch.failed"}
{"level":50,"time":1788184736070,"service":"leadsmind","env":"production","err":{"type":"n","message":"Dynamic server usage: Route /support couldn't be rendered statically because it used `cookies`. See more info here: https://nextjs.org/docs/messages/dynamic-server-error","stack":"Error: Dynamic server usage: Route /support couldn't be rendered statically because it used `cookies`. See more info here: https://nextjs.org/docs/messages/dynamic-server-error\n    at u (C:\\Users\\User\\Leadsmind-new-dashboard\\.next\\server\\chunks\\38948.js:1:51894)\n    at f (C:\\Users\\User\\Leadsmind-new-dashboard\\.next\\server\\app\\api\\auth\\microsoft\\route.js:1:4868)\n    at f (C:\\Users\\User\\Leadsmind-new-dashboard\\.next\\server\\app\\api\\auth\\microsoft\\route.js:1:15360)\n    at f (C:\\Users\\User\\Leadsmind-new-dashboard\\.next\\server\\app\\orders\\page.js:32:6465)\n    at j (C:\\Users\\User\\Leadsmind-new-dashboard\\.next\\server\\app\\support\\page.js:11:6845)\n    at em (C:\\Users\\User\\Leadsmind-new-dashboard\\node_modules\\next\\dist\\compiled\\next-server\\app-page.runtime.prod.js:12:134808)\n    at e (C:\\Users\\User\\Leadsmind-new-dashboard\\node_modules\\next\\dist\\compiled\\next-server\\app-page.runtime.prod.js:12:137693)\n    at e_ (C:\\Users\\User\\Leadsmind-new-dashboard\\node_modules\\next\\dist\\compiled\\next-server\\app-page.runtime.prod.js:12:138168)\n    at Array.toJSON (C:\\Users\\User\\Leadsmind-new-dashboard\\node_modules\\next\\dist\\compiled\\next-server\\app-page.runtime.prod.js:12:135777)\n    at stringify (<anonymous>)","description":"Route /support couldn't be rendered statically because it used `cookies`. See more info here: https://nextjs.org/docs/messages/dynamic-server-error","digest":"DYNAMIC_SERVER_USAGE"},"workspaceId":null,"msg":"operations.support_tickets.fetch.failed"}
{"level":50,"time":1788184736075,"service":"leadsmind","env":"production","err":{"type":"n","message":"Dynamic server usage: Route /support/tickets-reply couldn't be rendered statically because it used `cookies`. See more info here: https://nextjs.org/docs/messages/dynamic-server-error","stack":"Error: Dynamic server usage: Route /support/tickets-reply couldn't be rendered statically because it used `cookies`. See more info here: https://nextjs.org/docs/messages/dynamic-server-error\n    at u (C:\\Users\\User\\Leadsmind-new-dashboard\\.next\\server\\chunks\\38948.js:1:51894)\n    at f (C:\\Users\\User\\Leadsmind-new-dashboard\\.next\\server\\app\\api\\auth\\google\\route.js:1:4939)\n    at f (C:\\Users\\User\\Leadsmind-new-dashboard\\.next\\server\\app\\api\\auth\\google\\route.js:1:15431)\n    at b (C:\\Users\\User\\Leadsmind-new-dashboard\\.next\\server\\app\\support\\tickets-reply\\page.js:1:28487)\n    at d (C:\\Users\\User\\Leadsmind-new-dashboard\\.next\\server\\app\\support\\tickets-reply\\page.js:11:2120)\n    at em (C:\\Users\\User\\Leadsmind-new-dashboard\\node_modules\\next\\dist\\compiled\\next-server\\app-page.runtime.prod.js:12:134808)\n    at e (C:\\Users\\User\\Leadsmind-new-dashboard\\node_modules\\next\\dist\\compiled\\next-server\\app-page.runtime.prod.js:12:137693)\n    at e_ (C:\\Users\\User\\Leadsmind-new-dashboard\\node_modules\\next\\dist\\compiled\\next-server\\app-page.runtime.prod.js:12:138168)\n    at Array.toJSON (C:\\Users\\User\\Leadsmind-new-dashboard\\node_modules\\next\\dist\\compiled\\next-server\\app-page.runtime.prod.js:12:135777)\n    at stringify (<anonymous>)","description":"Route /support/tickets-reply couldn't be rendered statically because it used `cookies`. See more info here: https://nextjs.org/docs/messages/dynamic-server-error","digest":"DYNAMIC_SERVER_USAGE"},"workspaceId":null,"msg":"operations.support_tickets.fetch.failed"}
{"level":50,"time":1788184736087,"service":"leadsmind","env":"production","err":{"type":"n","message":"Dynamic server usage: Route /support/tickets-reply couldn't be rendered statically because it used `cookies`. See more info here: https://nextjs.org/docs/messages/dynamic-server-error","stack":"Error: Dynamic server usage: Route /support/tickets-reply couldn't be rendered statically because it used `cookies`. See more info here: https://nextjs.org/docs/messages/dynamic-server-error\n    at u (C:\\Users\\User\\Leadsmind-new-dashboard\\.next\\server\\chunks\\38948.js:1:51894)\n    at f (C:\\Users\\User\\Leadsmind-new-dashboard\\.next\\server\\app\\api\\auth\\google\\route.js:1:4939)\n    at f (C:\\Users\\User\\Leadsmind-new-dashboard\\.next\\server\\app\\api\\auth\\google\\route.js:1:15431)\n    at b (C:\\Users\\User\\Leadsmind-new-dashboard\\.next\\server\\app\\support\\tickets-reply\\page.js:1:28487)\n    at d (C:\\Users\\User\\Leadsmind-new-dashboard\\.next\\server\\app\\support\\tickets-reply\\page.js:11:2120)\n    at em (C:\\Users\\User\\Leadsmind-new-dashboard\\node_modules\\next\\dist\\compiled\\next-server\\app-page.runtime.prod.js:12:134808)\n    at e (C:\\Users\\User\\Leadsmind-new-dashboard\\node_modules\\next\\dist\\compiled\\next-server\\app-page.runtime.prod.js:12:137693)\n    at e_ (C:\\Users\\User\\Leadsmind-new-dashboard\\node_modules\\next\\dist\\compiled\\next-server\\app-page.runtime.prod.js:12:138168)\n    at Array.toJSON (C:\\Users\\User\\Leadsmind-new-dashboard\\node_modules\\next\\dist\\compiled\\next-server\\app-page.runtime.prod.js:12:135777)\n    at stringify (<anonymous>)","description":"Route /support/tickets-reply couldn't be rendered statically because it used `cookies`. See more info here: https://nextjs.org/docs/messages/dynamic-server-error","digest":"DYNAMIC_SERVER_USAGE"},"workspaceId":null,"msg":"operations.support_tickets.fetch.failed"}
{"level":50,"time":1788184736512,"service":"leadsmind","env":"production","err":{"type":"n","message":"Dynamic server usage: Route /settings couldn't be rendered statically because it used `cookies`. See more info here: https://nextjs.org/docs/messages/dynamic-server-error","stack":"Error: Dynamic server usage: Route /settings couldn't be rendered statically because it used `cookies`. See more info here: https://nextjs.org/docs/messages/dynamic-server-error\n    at u (C:\\Users\\User\\Leadsmind-new-dashboard\\.next\\server\\chunks\\38948.js:1:51894)\n    at d (C:\\Users\\User\\Leadsmind-new-dashboard\\.next\\server\\app\\api\\auth\\portal\\password-login\\route.js:1:24437)\n    at p (C:\\Users\\User\\Leadsmind-new-dashboard\\.next\\server\\app\\api\\builder\\submit\\route.js:1:15411)\n    at h (C:\\Users\\User\\Leadsmind-new-dashboard\\.next\\server\\app\\settings\\page.js:87:27411)\n    at f (C:\\Users\\User\\Leadsmind-new-dashboard\\.next\\server\\app\\settings\\page.js:87:27602)\n    at c (C:\\Users\\User\\Leadsmind-new-dashboard\\.next\\server\\app\\settings\\page.js:111:4278)\n    at em (C:\\Users\\User\\Leadsmind-new-dashboard\\node_modules\\next\\dist\\compiled\\next-server\\app-page.runtime.prod.js:12:134808)\n    at e (C:\\Users\\User\\Leadsmind-new-dashboard\\node_modules\\next\\dist\\compiled\\next-server\\app-page.runtime.prod.js:12:137693)\n    at e_ (C:\\Users\\User\\Leadsmind-new-dashboard\\node_modules\\next\\dist\\compiled\\next-server\\app-page.runtime.prod.js:12:138168)\n    at Array.toJSON (C:\\Users\\User\\Leadsmind-new-dashboard\\node_modules\\next\\dist\\compiled\\next-server\\app-page.runtime.prod.js:12:135777)","description":"Route /settings couldn't be rendered statically because it used `cookies`. See more info here: https://nextjs.org/docs/messages/dynamic-server-error","digest":"DYNAMIC_SERVER_USAGE"},"msg":"get.workspace.branding.failed"}
{"level":50,"time":1788184736513,"service":"leadsmind","env":"production","err":{"type":"n","message":"Dynamic server usage: Route /settings couldn't be rendered statically because it used `cookies`. See more info here: https://nextjs.org/docs/messages/dynamic-server-error","stack":"Error: Dynamic server usage: Route /settings couldn't be rendered statically because it used `cookies`. See more info here: https://nextjs.org/docs/messages/dynamic-server-error\n    at u (C:\\Users\\User\\Leadsmind-new-dashboard\\.next\\server\\chunks\\38948.js:1:51894)\n    at d (C:\\Users\\User\\Leadsmind-new-dashboard\\.next\\server\\app\\api\\auth\\portal\\password-login\\route.js:1:24437)\n    at p (C:\\Users\\User\\Leadsmind-new-dashboard\\.next\\server\\app\\api\\builder\\submit\\route.js:1:15411)\n    at h (C:\\Users\\User\\Leadsmind-new-dashboard\\.next\\server\\app\\settings\\page.js:87:27411)\n    at g (C:\\Users\\User\\Leadsmind-new-dashboard\\.next\\server\\app\\settings\\page.js:87:29228)\n    at c (C:\\Users\\User\\Leadsmind-new-dashboard\\.next\\server\\app\\settings\\page.js:111:4384)\n    at em (C:\\Users\\User\\Leadsmind-new-dashboard\\node_modules\\next\\dist\\compiled\\next-server\\app-page.runtime.prod.js:12:134808)\n    at e (C:\\Users\\User\\Leadsmind-new-dashboard\\node_modules\\next\\dist\\compiled\\next-server\\app-page.runtime.prod.js:12:137693)\n    at e_ (C:\\Users\\User\\Leadsmind-new-dashboard\\node_modules\\next\\dist\\compiled\\next-server\\app-page.runtime.prod.js:12:138168)\n    at Array.toJSON (C:\\Users\\User\\Leadsmind-new-dashboard\\node_modules\\next\\dist\\compiled\\next-server\\app-page.runtime.prod.js:12:135777)","description":"Route /settings couldn't be rendered statically because it used `cookies`. See more info here: https://nextjs.org/docs/messages/dynamic-server-error","digest":"DYNAMIC_SERVER_USAGE"},"msg":"get.workspace.invitations.failed"}
{"level":50,"time":1788184736517,"service":"leadsmind","env":"production","err":{"type":"a","message":"Unauthorized","stack":"UnauthorizedError: Unauthorized\n    at f (C:\\Users\\User\\Leadsmind-new-dashboard\\.next\\server\\app\\api\\builder\\submit\\route.js:1:15566)\n    at async p (C:\\Users\\User\\Leadsmind-new-dashboard\\.next\\server\\app\\settings\\page.js:87:28578)\n    at async Promise.all (index 1)\n    at async c (C:\\Users\\User\\Leadsmind-new-dashboard\\.next\\server\\app\\settings\\page.js:111:4233)","name":"UnauthorizedError"},"msg":"get.workspace.members.failed"}
{"level":50,"time":1788184736519,"service":"leadsmind","env":"production","err":{"type":"a","message":"Unauthorized","stack":"UnauthorizedError: Unauthorized\n    at f (C:\\Users\\User\\Leadsmind-new-dashboard\\.next\\server\\app\\api\\builder\\submit\\route.js:1:15566)\n    at async x (C:\\Users\\User\\Leadsmind-new-dashboard\\.next\\server\\chunks\\80190.js:1:35194)\n    at async Promise.all (index 3)\n    at async c (C:\\Users\\User\\Leadsmind-new-dashboard\\.next\\server\\app\\settings\\page.js:111:4233)","name":"UnauthorizedError"},"workspaceId":null,"msg":"analytics.dashboard_stats.fetch.failed"}
{"level":50,"time":1788184736522,"service":"leadsmind","env":"production","err":{"type":"s","message":"Unauthorized","stack":"AppError: Unauthorized\n    at o (C:\\Users\\User\\Leadsmind-new-dashboard\\.next\\server\\app\\api\\builder\\submit\\route.js:1:13392)\n    at async N (C:\\Users\\User\\Leadsmind-new-dashboard\\.next\\server\\app\\settings\\page.js:103:2705)\n    at async Promise.all (index 2)\n    at async c (C:\\Users\\User\\Leadsmind-new-dashboard\\.next\\server\\app\\settings\\page.js:111:4233)","code":"UNAUTHORIZED","httpStatus":401,"name":"AppError"},"msg":"get.webhooks.failed"}
{"level":50,"time":1788184736532,"service":"leadsmind","env":"production","err":{"type":"n","message":"Dynamic server usage: Route /settings couldn't be rendered statically because it used `cookies`. See more info here: https://nextjs.org/docs/messages/dynamic-server-error","stack":"Error: Dynamic server usage: Route /settings couldn't be rendered statically because it used `cookies`. See more info here: https://nextjs.org/docs/messages/dynamic-server-error\n    at u (C:\\Users\\User\\Leadsmind-new-dashboard\\.next\\server\\chunks\\38948.js:1:51894)\n    at d (C:\\Users\\User\\Leadsmind-new-dashboard\\.next\\server\\app\\api\\auth\\portal\\password-login\\route.js:1:24437)\n    at p (C:\\Users\\User\\Leadsmind-new-dashboard\\.next\\server\\app\\api\\builder\\submit\\route.js:1:15411)\n    at h (C:\\Users\\User\\Leadsmind-new-dashboard\\.next\\server\\app\\settings\\page.js:87:27411)\n    at f (C:\\Users\\User\\Leadsmind-new-dashboard\\.next\\server\\app\\settings\\page.js:87:27602)\n    at c (C:\\Users\\User\\Leadsmind-new-dashboard\\.next\\server\\app\\settings\\page.js:111:4278)\n    at em (C:\\Users\\User\\Leadsmind-new-dashboard\\node_modules\\next\\dist\\compiled\\next-server\\app-page.runtime.prod.js:12:134808)\n    at e (C:\\Users\\User\\Leadsmind-new-dashboard\\node_modules\\next\\dist\\compiled\\next-server\\app-page.runtime.prod.js:12:137693)\n    at e_ (C:\\Users\\User\\Leadsmind-new-dashboard\\node_modules\\next\\dist\\compiled\\next-server\\app-page.runtime.prod.js:12:138168)\n    at Array.toJSON (C:\\Users\\User\\Leadsmind-new-dashboard\\node_modules\\next\\dist\\compiled\\next-server\\app-page.runtime.prod.js:12:135777)","description":"Route /settings couldn't be rendered statically because it used `cookies`. See more info here: https://nextjs.org/docs/messages/dynamic-server-error","digest":"DYNAMIC_SERVER_USAGE"},"msg":"get.workspace.branding.failed"}
{"level":50,"time":1788184736532,"service":"leadsmind","env":"production","err":{"type":"n","message":"Dynamic server usage: Route /settings couldn't be rendered statically because it used `cookies`. See more info here: https://nextjs.org/docs/messages/dynamic-server-error","stack":"Error: Dynamic server usage: Route /settings couldn't be rendered statically because it used `cookies`. See more info here: https://nextjs.org/docs/messages/dynamic-server-error\n    at u (C:\\Users\\User\\Leadsmind-new-dashboard\\.next\\server\\chunks\\38948.js:1:51894)\n    at d (C:\\Users\\User\\Leadsmind-new-dashboard\\.next\\server\\app\\api\\auth\\portal\\password-login\\route.js:1:24437)\n    at p (C:\\Users\\User\\Leadsmind-new-dashboard\\.next\\server\\app\\api\\builder\\submit\\route.js:1:15411)\n    at h (C:\\Users\\User\\Leadsmind-new-dashboard\\.next\\server\\app\\settings\\page.js:87:27411)\n    at g (C:\\Users\\User\\Leadsmind-new-dashboard\\.next\\server\\app\\settings\\page.js:87:29228)\n    at c (C:\\Users\\User\\Leadsmind-new-dashboard\\.next\\server\\app\\settings\\page.js:111:4384)\n    at em (C:\\Users\\User\\Leadsmind-new-dashboard\\node_modules\\next\\dist\\compiled\\next-server\\app-page.runtime.prod.js:12:134808)\n    at e (C:\\Users\\User\\Leadsmind-new-dashboard\\node_modules\\next\\dist\\compiled\\next-server\\app-page.runtime.prod.js:12:137693)\n    at e_ (C:\\Users\\User\\Leadsmind-new-dashboard\\node_modules\\next\\dist\\compiled\\next-server\\app-page.runtime.prod.js:12:138168)\n    at Array.toJSON (C:\\Users\\User\\Leadsmind-new-dashboard\\node_modules\\next\\dist\\compiled\\next-server\\app-page.runtime.prod.js:12:135777)","description":"Route /settings couldn't be rendered statically because it used `cookies`. See more info here: https://nextjs.org/docs/messages/dynamic-server-error","digest":"DYNAMIC_SERVER_USAGE"},"msg":"get.workspace.invitations.failed"}
{"level":50,"time":1788184736535,"service":"leadsmind","env":"production","err":{"type":"a","message":"Unauthorized","stack":"UnauthorizedError: Unauthorized\n    at f (C:\\Users\\User\\Leadsmind-new-dashboard\\.next\\server\\app\\api\\builder\\submit\\route.js:1:15566)\n    at processTicksAndRejections (node:internal/process/task_queues:103:5)\n    at runNextTicks (node:internal/process/task_queues:68:3)\n    at listOnTimeout (node:internal/timers:567:9)\n    at process.processTimers (node:internal/timers:541:7)\n    at async p (C:\\Users\\User\\Leadsmind-new-dashboard\\.next\\server\\app\\settings\\page.js:87:28578)\n    at async Promise.all (index 1)\n    at async c (C:\\Users\\User\\Leadsmind-new-dashboard\\.next\\server\\app\\settings\\page.js:111:4233)","name":"UnauthorizedError"},"msg":"get.workspace.members.failed"}
{"level":50,"time":1788184736535,"service":"leadsmind","env":"production","err":{"type":"a","message":"Unauthorized","stack":"UnauthorizedError: Unauthorized\n    at f (C:\\Users\\User\\Leadsmind-new-dashboard\\.next\\server\\app\\api\\builder\\submit\\route.js:1:15566)\n    at processTicksAndRejections (node:internal/process/task_queues:103:5)\n    at runNextTicks (node:internal/process/task_queues:68:3)\n    at listOnTimeout (node:internal/timers:567:9)\n    at process.processTimers (node:internal/timers:541:7)\n    at async x (C:\\Users\\User\\Leadsmind-new-dashboard\\.next\\server\\chunks\\80190.js:1:35194)\n    at async Promise.all (index 3)\n    at async c (C:\\Users\\User\\Leadsmind-new-dashboard\\.next\\server\\app\\settings\\page.js:111:4233)","name":"UnauthorizedError"},"workspaceId":null,"msg":"analytics.dashboard_stats.fetch.failed"}
{"level":50,"time":1788184736536,"service":"leadsmind","env":"production","err":{"type":"s","message":"Unauthorized","stack":"AppError: Unauthorized\n    at o (C:\\Users\\User\\Leadsmind-new-dashboard\\.next\\server\\app\\api\\builder\\submit\\route.js:1:13392)\n    at processTicksAndRejections (node:internal/process/task_queues:103:5)\n    at runNextTicks (node:internal/process/task_queues:68:3)\n    at listOnTimeout (node:internal/timers:567:9)\n    at process.processTimers (node:internal/timers:541:7)\n    at async N (C:\\Users\\User\\Leadsmind-new-dashboard\\.next\\server\\app\\settings\\page.js:103:2705)\n    at async Promise.all (index 2)\n    at async c (C:\\Users\\User\\Leadsmind-new-dashboard\\.next\\server\\app\\settings\\page.js:111:4233)","code":"UNAUTHORIZED","httpStatus":401,"name":"AppError"},"msg":"get.webhooks.failed"}
   Generating static pages (245/327) 
 ✓ Generating static pages (327/327)
   Finalizing page optimization ...
   Collecting build traces ...

Route (app)                                         Size     First Load JS
┌ ƒ /                                               13.2 kB         199 kB
├ ƒ /_not-found                                     880 B          88.7 kB
├ ƒ /[...not_found]                                 1.72 kB         103 kB
├ ƒ /404-error-page                                 461 B           102 kB
├ ƒ /404-error-page-2                               452 B           102 kB
├ ƒ /500-error-page                                 453 B           102 kB
├ ƒ /about                                          9.21 kB         183 kB
├ ƒ /activities                                     11.7 kB         474 kB
├ ƒ /admin/compliance                               7.6 kB          105 kB
├ ƒ /admin/dead-letters                             1.62 kB         154 kB
├ ƒ /admin/help/analytics                           3.71 kB         337 kB
├ ƒ /ads                                            4.16 kB         342 kB
├ ƒ /ads/[id]                                       2.39 kB         340 kB
├ ƒ /ads/copy-generator                             3.53 kB         342 kB
├ ƒ /affiliate-marketplace                          1.86 kB         340 kB
├ ƒ /affiliate-portal                               8.67 kB         106 kB
├ ƒ /affiliate-portal/login                         2.18 kB          90 kB
├ ƒ /affiliate-portal/register                      2.83 kB        90.7 kB
├ ƒ /affiliates                                     8.74 kB         347 kB
├ ƒ /ai-studio                                      3.79 kB         342 kB
├ ƒ /ai-studio/content                              5.29 kB         108 kB
├ ƒ /ai-studio/research                             4.55 kB         171 kB
├ ƒ /ai-studio/research/[contactId]                 4.48 kB         107 kB
├ ƒ /announcement                                   7.73 kB         470 kB
├ ƒ /api/admin/dead-letters/replay                  0 B                0 B
├ ƒ /api/admin/meta/backfill-profile-sync           0 B                0 B
├ ƒ /api/admin/meta/backfill-webhook-subscriptions  0 B                0 B
├ ƒ /api/ads/campaigns/[id]/recommendations         0 B                0 B
├ ƒ /api/ads/copy-generator                         0 B                0 B
├ ƒ /api/ai/generate                                0 B                0 B
├ ƒ /api/ai/generate-module-description             0 B                0 B
├ ƒ /api/ai/generate-questions                      0 B                0 B
├ ƒ /api/ai/image-generator                         0 B                0 B
├ ƒ /api/ai/lena/write                              0 B                0 B
├ ƒ /api/auth/callback/facebook                     0 B                0 B
├ ƒ /api/auth/callback/linkedin                     0 B                0 B
├ ƒ /api/auth/callback/tiktok                       0 B                0 B
├ ƒ /api/auth/callback/youtube                      0 B                0 B
├ ƒ /api/auth/google                                0 B                0 B
├ ƒ /api/auth/google/callback                       0 B                0 B
├ ƒ /api/auth/meta/callback                         0 B                0 B
├ ƒ /api/auth/microsoft                             0 B                0 B
├ ƒ /api/auth/microsoft/callback                    0 B                0 B
├ ƒ /api/auth/portal/magic-link                     0 B                0 B
├ ƒ /api/auth/portal/otp                            0 B                0 B
├ ƒ /api/auth/portal/otp-verify                     0 B                0 B
├ ƒ /api/auth/portal/password-login                 0 B                0 B
├ ƒ /api/auth/student/login                         0 B                0 B
├ ƒ /api/automation/button-action                   0 B                0 B
├ ƒ /api/blog/social-import/url                     0 B                0 B
├ ƒ /api/blog/voice-import                          0 B                0 B
├ ƒ /api/builder/landing-copy                       0 B                0 B
├ ƒ /api/builder/sitemap                            0 B                0 B
├ ƒ /api/builder/submit                             0 B                0 B
├ ƒ /api/content-studio/grammar                     0 B                0 B
├ ƒ /api/courses/[id]/modules                       0 B                0 B
├ ƒ /api/courses/[id]/modules/[moduleId]            0 B                0 B
├ ƒ /api/crm/contacts/[id]/verifications            0 B                0 B
├ ƒ /api/crm/contacts/kyc                           0 B                0 B
├ ƒ /api/cron/abandonment-scanner                   0 B                0 B
├ ƒ /api/cron/affiliate-onboarding                  0 B                0 B
├ ƒ /api/cron/affiliate-recurring                   0 B                0 B
├ ƒ /api/cron/competitor-keywords                   0 B                0 B
├ ƒ /api/cron/gsc-sync                              0 B                0 B
├ ƒ /api/cron/pre-meeting-brief                     0 B                0 B
├ ƒ /api/cron/publish                               0 B                0 B
├ ƒ /api/cron/quota-refill                          0 B                0 B
├ ƒ /api/cron/reengagement-loop                     0 B                0 B
├ ƒ /api/cron/reminders                             0 B                0 B
├ ƒ /api/cron/seo-pipeline-auto-promote             0 B                0 B
├ ƒ /api/cron/seo-rank                              0 B                0 B
├ ƒ /api/cron/tracking-sync                         0 B                0 B
├ ƒ /api/cron/workers/ai-tag-suggestions            0 B                0 B
├ ƒ /api/cron/workers/auto-tag-sweep                0 B                0 B
├ ƒ /api/cron/workers/campaign-dispatch             0 B                0 B
├ ƒ /api/cron/workers/course-expiry                 0 B                0 B
├ ƒ /api/cron/workers/email-queue                   0 B                0 B
├ ƒ /api/cron/workers/rescreen-aml                  0 B                0 B
├ ƒ /api/cron/workers/sms-dispatch                  0 B                0 B
├ ƒ /api/cron/workers/social-comment-sync           0 B                0 B
├ ƒ /api/cron/workers/social-scheduled-dispatch     0 B                0 B
├ ƒ /api/cron/workers/tag-expiry                    0 B                0 B
├ ƒ /api/cron/workers/whatsapp-dispatch             0 B                0 B
├ ƒ /api/cron/workers/workflow-resume               0 B                0 B
├ ○ /api/debug-slugs                                0 B                0 B
├ ƒ /api/domains/verify                             0 B                0 B
├ ƒ /api/enrolments/[id]/activity                   0 B                0 B
├ ƒ /api/finance/banks/investec                     0 B                0 B
├ ƒ /api/finance/banks/investec/sync                0 B                0 B
├ ƒ /api/finance/overview                           0 B                0 B
├ ƒ /api/finance/revenue-forecast                   0 B                0 B
├ ƒ /api/finance/transactions                       0 B                0 B
├ ƒ /api/hr/employees                               0 B                0 B
├ ƒ /api/hr/leave                                   0 B                0 B
├ ƒ /api/hr/payroll                                 0 B                0 B
├ ƒ /api/hr/time-tracking                           0 B                0 B
├ ƒ /api/inngest                                    0 B                0 B
├ ƒ /api/integrations/paypal/callback               0 B                0 B
├ ƒ /api/integrations/paypal/checkout-return        0 B                0 B
├ ƒ /api/integrations/stripe/callback               0 B                0 B
├ ƒ /api/inventory                                  0 B                0 B
├ ƒ /api/kyc/compliance/str                         0 B                0 B
├ ƒ /api/kyc/consent/request                        0 B                0 B
├ ƒ /api/kyc/consent/submit                         0 B                0 B
├ ƒ /api/kyc/documents/download                     0 B                0 B
├ ƒ /api/kyc/documents/upload                       0 B                0 B
├ ƒ /api/kyc/experian/trueid                        0 B                0 B
├ ƒ /api/kyc/reports/download/[contactId]           0 B                0 B
├ ƒ /api/lena/agents                                0 B                0 B
├ ƒ /api/lena/chat                                  0 B                0 B
├ ƒ /api/lena/config                                0 B                0 B
├ ƒ /api/lena/conversations                         0 B                0 B
├ ƒ /api/lena/embed/[workspaceId]                   0 B                0 B
├ ƒ /api/lena/knowledge                             0 B                0 B
├ ƒ /api/lena/messages                              0 B                0 B
├ ƒ /api/lms/analytics                              0 B                0 B
├ ƒ /api/lms/assignments                            0 B                0 B
├ ƒ /api/lms/automations                            0 B                0 B
├ ƒ /api/lms/contacts-search                        0 B                0 B
├ ƒ /api/lms/content-blocks                         0 B                0 B
├ ƒ /api/lms/content-blocks/[id]                    0 B                0 B
├ ƒ /api/lms/content-blocks/reorder                 0 B                0 B
├ ƒ /api/lms/course                                 0 B                0 B
├ ƒ /api/lms/course-qa                              0 B                0 B
├ ƒ /api/lms/courses                                0 B                0 B
├ ƒ /api/lms/enrollments                            0 B                0 B
├ ƒ /api/lms/lesson-summary                         0 B                0 B
├ ƒ /api/lms/lessons                                0 B                0 B
├ ƒ /api/lms/lessons/[id]/duplicate                 0 B                0 B
├ ƒ /api/lms/module-quiz/questions                  0 B                0 B
├ ƒ /api/lms/module-quiz/settings                   0 B                0 B
├ ƒ /api/lms/modules                                0 B                0 B
├ ƒ /api/lms/modules/[id]/duplicate                 0 B                0 B
├ ƒ /api/lms/progress                               0 B                0 B
├ ƒ /api/lms/quiz/questions                         0 B                0 B
├ ƒ /api/lms/quiz/settings                          0 B                0 B
├ ƒ /api/lms/remedial/generate                      0 B                0 B
├ ƒ /api/lms/remedial/submit                        0 B                0 B
├ ƒ /api/lms/struggle/recalculate                   0 B                0 B
├ ƒ /api/lms/struggle/scores                        0 B                0 B
├ ƒ /api/lms/transcript                             0 B                0 B
├ ƒ /api/lms/upload                                 0 B                0 B
├ ƒ /api/lms/video-thumbnail                        0 B                0 B
├ ƒ /api/meet/webhooks/google                       0 B                0 B
├ ƒ /api/meet/webhooks/outlook                      0 B                0 B
├ ƒ /api/meta/connections                           0 B                0 B
├ ƒ /api/oauth/authorize                            0 B                0 B
├ ƒ /api/oauth/token                                0 B                0 B
├ ƒ /api/payfast/webhook                            0 B                0 B
├ ƒ /api/pdf                                        0 B                0 B
├ ƒ /api/platform/release-notes                     0 B                0 B
├ ƒ /api/portal/lena/chat                           0 B                0 B
├ ƒ /api/public/analytics/track                     0 B                0 B
├ ƒ /api/public/forms/[id]                          0 B                0 B
├ ƒ /api/public/forms/[id]/events                   0 B                0 B
├ ƒ /api/public/forms/[id]/partial                  0 B                0 B
├ ƒ /api/public/forms/[id]/prefill                  0 B                0 B
├ ƒ /api/public/forms/[id]/recovery-link            0 B                0 B
├ ƒ /api/public/forms/[id]/submit                   0 B                0 B
├ ƒ /api/reputation/campaigns                       0 B                0 B
├ ƒ /api/reputation/requests                        0 B                0 B
├ ƒ /api/reputation/reviews                         0 B                0 B
├ ƒ /api/reputation/send-request                    0 B                0 B
├ ƒ /api/settings/api-keys                          0 B                0 B
├ ƒ /api/settings/integrations                      0 B                0 B
├ ƒ /api/settings/webhooks                          0 B                0 B
├ ƒ /api/settings/webhooks/logs                     0 B                0 B
├ ƒ /api/social/publish                             0 B                0 B
├ ƒ /api/social/video-script                        0 B                0 B
├ ƒ /api/student/courses/[id]/certificate           0 B                0 B
├ ƒ /api/support/attachments                        0 B                0 B
├ ƒ /api/support/lena/chat                          0 B                0 B
├ ƒ /api/support/public-attachments                 0 B                0 B
├ ƒ /api/support/search/suggest                     0 B                0 B
├ ƒ /api/support/tickets                            0 B                0 B
├ ƒ /api/support/tickets/[id]                       0 B                0 B
├ ƒ /api/support/tickets/[id]/attachments           0 B                0 B
├ ƒ /api/support/tickets/[id]/reply                 0 B                0 B
├ ƒ /api/support/widget-settings                    0 B                0 B
├ ƒ /api/test-login                                 0 B                0 B
├ ƒ /api/v1/ai/content/generate                     0 B                0 B
├ ƒ /api/v1/ai/content/improve                      0 B                0 B
├ ƒ /api/v1/ai/research/batch                       0 B                0 B
├ ƒ /api/v1/appointments                            0 B                0 B
├ ƒ /api/v1/appointments/[id]                       0 B                0 B
├ ƒ /api/v1/contacts                                0 B                0 B
├ ƒ /api/v1/contacts/[id]                           0 B                0 B
├ ƒ /api/v1/deals                                   0 B                0 B
├ ƒ /api/v1/deals/[id]                              0 B                0 B
├ ƒ /api/v1/forms                                   0 B                0 B
├ ƒ /api/v1/forms/[id]                              0 B                0 B
├ ƒ /api/v1/invoices                                0 B                0 B
├ ƒ /api/v1/invoices/[id]                           0 B                0 B
├ ƒ /api/v1/leads                                   0 B                0 B
├ ○ /api/v1/leads/sdk.js                            0 B                0 B
├ ƒ /api/v1/me                                      0 B                0 B
├ ƒ /api/v1/orders                                  0 B                0 B
├ ƒ /api/v1/orders/[id]                             0 B                0 B
├ ƒ /api/v1/pipeline-stages                         0 B                0 B
├ ƒ /api/v1/pipeline-stages/[id]                    0 B                0 B
├ ƒ /api/v1/pipelines                               0 B                0 B
├ ƒ /api/v1/pipelines/[id]                          0 B                0 B
├ ƒ /api/v1/products                                0 B                0 B
├ ƒ /api/v1/products/[id]                           0 B                0 B
├ ƒ /api/v1/tags                                    0 B                0 B
├ ƒ /api/v1/tags/[id]                               0 B                0 B
├ ƒ /api/v1/tasks                                   0 B                0 B
├ ƒ /api/v1/tasks/[id]                              0 B                0 B
├ ƒ /api/v1/tracking/shipments                      0 B                0 B
├ ƒ /api/v1/webhooks/subscribe                      0 B                0 B
├ ƒ /api/v1/webhooks/unsubscribe                    0 B                0 B
├ ƒ /api/verifytask1920temp/actiontest              0 B                0 B
├ ƒ /api/webhooks/article-updated                   0 B                0 B
├ ƒ /api/webhooks/avatar-generator                  0 B                0 B
├ ƒ /api/webhooks/email/deliverability              0 B                0 B
├ ƒ /api/webhooks/flutterwave                       0 B                0 B
├ ƒ /api/webhooks/meta                              0 B                0 B
├ ƒ /api/webhooks/ozow                              0 B                0 B
├ ƒ /api/webhooks/payfast                           0 B                0 B
├ ƒ /api/webhooks/payments                          0 B                0 B
├ ƒ /api/webhooks/paypal                            0 B                0 B
├ ƒ /api/webhooks/paystack                          0 B                0 B
├ ƒ /api/webhooks/paystack-gateway                  0 B                0 B
├ ƒ /api/webhooks/resend/inbound                    0 B                0 B
├ ƒ /api/webhooks/stripe                            0 B                0 B
├ ƒ /api/webhooks/support/inbound                   0 B                0 B
├ ƒ /api/webhooks/twilio/inbound                    0 B                0 B
├ ƒ /api/widget/ticket                              0 B                0 B
├ ○ /apple-icon.png                                 0 B                0 B
├ ƒ /articles                                       1.81 kB         335 kB
├ ƒ /articles/[slug]                                3.82 kB         337 kB
├ ƒ /auth/callback                                  0 B                0 B
├ ƒ /auth/forgot-password-basic                     1.34 kB         118 kB
├ ƒ /auth/forgot-password-cover                     1.6 kB          123 kB
├ ƒ /auth/portal/login                              4.5 kB          166 kB
├ ƒ /auth/reset-password-basic                      1.59 kB         118 kB
├ ƒ /auth/reset-password-cover                      1.87 kB         123 kB
├ ƒ /auth/signin-basic                              4.23 kB         232 kB
├ ƒ /auth/signin-cover                              3.13 kB         163 kB
├ ƒ /auth/signup-basic                              3.93 kB         232 kB
├ ƒ /auth/signup-cover                              4.59 kB         229 kB
├ ƒ /auth/student/login                             4.54 kB         110 kB
├ ƒ /auth/student/verify                            0 B                0 B
├ ƒ /automation                                     4.91 kB         338 kB
├ ƒ /automation/history                             779 B           334 kB
├ ƒ /automations                                    4.77 kB         338 kB
├ ƒ /automations/[id]/edit                          7.82 kB         348 kB
├ ƒ /automations/new                                208 B          88.1 kB
├ ƒ /award                                          9.75 kB         472 kB
├ ƒ /blog                                           7.2 kB          104 kB
├ ƒ /blog/[slug]                                    6.99 kB         104 kB
├ ƒ /blog/analytics                                 2.76 kB         341 kB
├ ƒ /blog/comments                                  6.55 kB         345 kB
├ ƒ /blog/editor/[id]                               23.5 kB         498 kB
├ ƒ /blog/manage                                    5.9 kB          344 kB
├ ƒ /blog/new/ai                                    2.79 kB         341 kB
├ ƒ /blog/new/social                                4.96 kB         343 kB
├ ƒ /blog/new/web                                   2.97 kB         341 kB
├ ƒ /blog/new/youtube                               3.05 kB         341 kB
├ ƒ /book/[slug]                                    156 B           121 kB
├ ƒ /book/domain/[domainName]/[slug]                157 B           121 kB
├ ƒ /book/manage/[token]                            3.3 kB         97.9 kB
├ ƒ /calendar                                       18.1 kB         395 kB
├ ƒ /calendar/analytics                             6.54 kB         358 kB
├ ƒ /calendar/instant-meet                          4.8 kB          338 kB
├ ƒ /calendar/waitlist                              4.22 kB         349 kB
├ ƒ /campaigns                                      8.55 kB         361 kB
├ ƒ /campaigns/[id]/builder                         20 kB           240 kB
├ ƒ /careers                                        7.57 kB         182 kB
├ ƒ /clients                                        4.08 kB         354 kB
├ ƒ /clients/client-details                         199 B           344 kB
├ ƒ /clients/client-details/[id]                    198 B           344 kB
├ ƒ /coming-soon                                    830 B          88.7 kB
├ ƒ /community                                      6.2 kB          103 kB
├ ƒ /community/forums                               4.87 kB         343 kB
├ ƒ /contacts                                       12.9 kB         372 kB
├ ƒ /contacts/[id]                                  27.1 kB         396 kB
├ ƒ /contacts/[id]/edit                             2.16 kB         377 kB
├ ƒ /contacts/new                                   2.16 kB         377 kB
├ ƒ /contacts/tags                                  9.18 kB         405 kB
├ ƒ /contacts/tags/analytics                        427 B           338 kB
├ ƒ /content-studio                                 5.43 kB         343 kB
├ ƒ /content-studio/[id]                            207 B           503 kB
├ ƒ /content-studio/new                             207 B           503 kB
├ ƒ /conversations                                  18.5 kB         369 kB
├ ƒ /courses                                        8.88 kB         346 kB
├ ƒ /courses/[id]                                   35.7 kB         424 kB
├ ƒ /courses/[id]/automations                       189 B           342 kB
├ ƒ /courses/[id]/learn                             8.91 kB         120 kB
├ ƒ /courses/[id]/lessons/[lessonId]/builder        3.98 kB         731 kB
├ ƒ /courses/[id]/module-quiz/[moduleId]            194 B           351 kB
├ ƒ /courses/[id]/quiz/[quizId]                     191 B           351 kB
├ ƒ /courses/certificates                           5.03 kB         343 kB
├ ƒ /crm                                            2.78 kB         344 kB
├ ƒ /crm/activity                                   347 B           342 kB
├ ƒ /crm/crm-setup                                  5.12 kB         395 kB
├ ƒ /crm/deals                                      208 B          88.1 kB
├ ƒ /crm/leads                                      208 B          88.1 kB
├ ƒ /crm/pipelines                                  208 B          88.1 kB
├ ƒ /dashboard                                      13.2 kB         358 kB
├ ƒ /dashboard/crm-dashboard                        21.5 kB         459 kB
├ ƒ /dashboard/employee-dashboard                   16.8 kB         454 kB
├ ƒ /dashboard/hrm-dashboard                        3.2 kB          348 kB
├ ƒ /dashboard/settings/account                     4.97 kB         385 kB
├ ƒ /deals/property/[id/]                           6.59 kB         345 kB
├ ƒ /docs                                           1.4 kB          181 kB
├ ● /docs/[slug]                                    1.65 kB         181 kB
├   ├ /docs/getting-started
├   ├ /docs/crm-sales
├   ├ /docs/accounting-finance
├   └ [+5 more paths]
├ ƒ /document                                       7.39 kB         392 kB
├ ƒ /editor/funnel/[id]                             208 B          88.1 kB
├ ƒ /editor/funnel/[id]/[pageId]                    384 B           728 kB
├ ƒ /editor/website/[id]                            208 B          88.1 kB
├ ƒ /editor/website/[id]/[pageId]                   385 B           728 kB
├ ƒ /elements                                       221 B           461 kB
├ ƒ /elements/accordions                            1.49 kB         353 kB
├ ƒ /elements/alert                                 3.11 kB         351 kB
├ ƒ /elements/apex-charts-area                      4.78 kB         343 kB
├ ƒ /elements/apex-charts-bar                       4.71 kB         343 kB
├ ƒ /elements/apex-charts-box-whisker               4.02 kB         342 kB
├ ƒ /elements/apex-charts-bubble                    3.86 kB         342 kB
├ ƒ /elements/apex-charts-candlestick               5.18 kB         350 kB
├ ƒ /elements/apex-charts-column                    6.08 kB         344 kB
├ ƒ /elements/apex-charts-heatmap                   3.79 kB         342 kB
├ ƒ /elements/apex-charts-line                      4.66 kB         343 kB
├ ƒ /elements/apex-charts-mixed                     4.64 kB         343 kB
├ ƒ /elements/apex-charts-pie                       3.64 kB         342 kB
├ ƒ /elements/apex-charts-polar-area                3.72 kB         342 kB
├ ƒ /elements/apex-charts-radar                     3.67 kB         342 kB
├ ƒ /elements/apex-charts-range                     4.1 kB          342 kB
├ ƒ /elements/apex-charts-scatter                   4.15 kB         342 kB
├ ƒ /elements/apex-charts-timeline                  4.75 kB         343 kB
├ ƒ /elements/apex-charts-treemap                   3.77 kB         342 kB
├ ƒ /elements/avatars                               698 B           339 kB
├ ƒ /elements/badge                                 427 B           338 kB
├ ƒ /elements/breadcrumb                            427 B           338 kB
├ ƒ /elements/buttons                               427 B           338 kB
├ ƒ /elements/dropdown                              427 B           338 kB
├ ƒ /elements/dropzone                              12.8 kB         351 kB
├ ƒ /elements/element-icon                          427 B           338 kB
├ ƒ /elements/form-basic-input                      222 B           461 kB
├ ƒ /elements/form-style                            5.72 kB         356 kB
├ ƒ /elements/forms-input-groups                    9.62 kB         373 kB
├ ƒ /elements/grid                                  427 B           338 kB
├ ƒ /elements/modal                                 1.86 kB         352 kB
├ ƒ /elements/navs-tabs                             2.25 kB         353 kB
├ ƒ /elements/pagination                            1.17 kB         339 kB
├ ƒ /elements/popover                               1.52 kB         343 kB
├ ƒ /elements/progress-bar                          2.82 kB         345 kB
├ ƒ /elements/range-slider                          2.24 kB         348 kB
├ ƒ /elements/rating                                6.5 kB          345 kB
├ ƒ /elements/ribbons                               428 B           338 kB
├ ƒ /elements/steps                                 1.5 kB          353 kB
├ ƒ /elements/swiper                                32.8 kB         371 kB
├ ƒ /elements/team                                  772 B           339 kB
├ ƒ /elements/template-color                        427 B           338 kB
├ ƒ /elements/time-datepicker                       1.4 kB          417 kB
├ ƒ /elements/timeline                              427 B           338 kB
├ ƒ /elements/toasts                                7.27 kB         355 kB
├ ƒ /elements/tooltip                               401 B           352 kB
├ ƒ /elements/video                                 427 B           338 kB
├ ƒ /embed/form.js                                  0 B                0 B
├ ƒ /feedback                                       6.45 kB         112 kB
├ ƒ /finance                                        2.4 kB          335 kB
├ ƒ /finance/chart-of-accounts                      4.43 kB         342 kB
├ ƒ /finance/connected-accounts                     4.34 kB         337 kB
├ ƒ /finance/credit-notes                           6.81 kB         352 kB
├ ƒ /finance/expenses                               6.86 kB         359 kB
├ ƒ /finance/payment-gateways                       1.97 kB         341 kB
├ ƒ /finance/reconciliation                         2.71 kB         336 kB
├ ƒ /finance/reports                                6.92 kB         340 kB
├ ƒ /finance/retainers                              4.07 kB         349 kB
├ ƒ /finance/revenue-forecast                       4.94 kB         343 kB
├ ƒ /finance/transactions                           3.68 kB         337 kB
├ ƒ /forms                                          17.5 kB         360 kB
├ ƒ /forms/[id]                                     208 B          88.1 kB
├ ƒ /forms/[id]/ab-testing                          6.52 kB         103 kB
├ ƒ /forms/[id]/analytics                           6.18 kB         103 kB
├ ƒ /forms/[id]/automations                         10.1 kB         192 kB
├ ƒ /forms/[id]/governance                          12.7 kB         183 kB
├ ƒ /forms/[id]/partial-submissions                 7.96 kB         135 kB
├ ƒ /forms/[id]/submissions                         16.1 kB         171 kB
├ ƒ /forms/builder/[id]                             27.3 kB         270 kB
├ ƒ /funnels                                        8.7 kB          347 kB
├ ƒ /funnels/[id]                                   208 B          88.1 kB
├ ƒ /funnels/[id]/analytics                         227 B           333 kB
├ ƒ /help/forms/automations                         2.07 kB        89.9 kB
├ ƒ /help/forms/embed                               2.02 kB        89.9 kB
├ ƒ /help/forms/governance                          2.21 kB        90.1 kB
├ ƒ /hr                                             2.95 kB         336 kB
├ ƒ /hr/employees                                   4.86 kB         338 kB
├ ƒ /hr/leave                                       4.57 kB         337 kB
├ ƒ /hr/payroll                                     4.58 kB         337 kB
├ ƒ /hr/time-tracking                               4.01 kB         337 kB
├ ƒ /hrm/attendance                                 4.04 kB         381 kB
├ ƒ /hrm/biometric-attendance                       6.33 kB         378 kB
├ ƒ /hrm/designations                               7.29 kB         391 kB
├ ƒ /hrm/employee                                   7.31 kB         460 kB
├ ƒ /hrm/employee-attendance                        3.77 kB         381 kB
├ ƒ /hrm/employee-profile                           218 B           466 kB
├ ƒ /hrm/employee-profile/[id]                      219 B           466 kB
├ ƒ /hrm/holidays                                   9 kB            471 kB
├ ƒ /hrm/leaves                                     9.72 kB         472 kB
├ ƒ /hrm/leaves-employee                            9.68 kB         472 kB
├ ƒ /hrm/office-loan                                10.1 kB         472 kB
├ ƒ /hrm/overtime                                   9.09 kB         471 kB
├ ƒ /hrm/personal-loan                              9.73 kB         472 kB
├ ƒ /hrm/schedule                                   7.78 kB         380 kB
├ ƒ /hrm/timesheet                                  9.59 kB         472 kB
├ ƒ /hrm/warning                                    9.02 kB         471 kB
├ ○ /icon0.svg                                      0 B                0 B
├ ○ /icon1.png                                      0 B                0 B
├ ƒ /inventory                                      4.58 kB         337 kB
├ ƒ /invoices                                       10.1 kB         355 kB
├ ƒ /invoices/[id]/edit                             197 B           348 kB
├ ƒ /invoices/new                                   194 B           348 kB
├ ƒ /join/[slug]                                    0 B                0 B
├ ƒ /kyc/consent/[id]                               4.22 kB         101 kB
├ ƒ /lead-finder                                    4.93 kB         338 kB
├ ƒ /lead-finder/contact/[id]                       2.26 kB         335 kB
├ ƒ /lead-finder/lead/[id]                          5.19 kB         338 kB
├ ƒ /lead-finder/map                                2.62 kB         335 kB
├ ƒ /lead-finder/results                            5.1 kB          338 kB
├ ƒ /lead-finder/saved                              2.94 kB         336 kB
├ ƒ /lead-finder/watchlists                         4.23 kB         337 kB
├ ƒ /maintenance                                    455 B           102 kB
├ ○ /manifest.json                                  0 B                0 B
├ ƒ /media                                          4.64 kB         343 kB
├ ƒ /meet/[id]                                      6.73 kB         112 kB
├ ƒ /meeting                                        7.54 kB         469 kB
├ ƒ /offline                                        1.19 kB        94.2 kB
├ ƒ /orders                                         5.22 kB         345 kB
├ ƒ /p/[workspaceSlug]/[subdomain]                  2.36 kB         618 kB
├ ƒ /p/[workspaceSlug]/[subdomain]/[pageSlug]       2.36 kB         618 kB
├ ƒ /pages/blank-page                               427 B           338 kB
├ ƒ /pages/blog/blog                                2.57 kB         341 kB
├ ƒ /pages/blog/blog-details                        1.68 kB         350 kB
├ ƒ /pages/blog/blog-details/[id]                   1.68 kB         350 kB
├ ƒ /pages/faq                                      2.46 kB         354 kB
├ ƒ /pages/privacy-policy                           427 B           338 kB
├ ƒ /pages/search                                   5.08 kB         359 kB
├ ƒ /pages/terms-conditions                         427 B           338 kB
├ ƒ /payroll-payslip-print                          208 B          88.1 kB
├ ƒ /payroll/payroll                                10.8 kB         395 kB
├ ƒ /payroll/payroll-payslip                        2.32 kB         340 kB
├ ƒ /pipelines                                      11.6 kB         391 kB
├ ƒ /pipelines/[id]/stages                          2.76 kB         341 kB
├ ƒ /pipelines/new                                  2.63 kB         341 kB
├ ƒ /portal/auth/verify                             0 B                0 B
├ ƒ /portal/bookings                                8 kB            126 kB
├ ƒ /portal/conveyancing/[token/]                   208 B          88.1 kB
├ ƒ /portal/courses                                 2.79 kB         114 kB
├ ƒ /portal/dashboard                               332 B           102 kB
├ ƒ /portal/documents                               10.8 kB         186 kB
├ ƒ /portal/funds-declaration/[token/]              4.59 kB         102 kB
├ ƒ /portal/invoices                                4.37 kB         113 kB
├ ƒ /portal/invoices/[id]                           7.98 kB         120 kB
├ ƒ /portal/login                                   847 B           103 kB
├ ƒ /portal/profile                                 6.63 kB         109 kB
├ ƒ /portal/profile/verify-email                    332 B           102 kB
├ ƒ /portal/projects                                4.49 kB         115 kB
├ ƒ /portal/quotes/[id]                             3.63 kB        98.2 kB
├ ƒ /portal/support                                 7.34 kB         183 kB
├ ƒ /privacy-policy                                 187 B          96.8 kB
├ ƒ /products                                       5.98 kB         346 kB
├ ƒ /projects                                       9 kB            355 kB
├ ƒ /promotion                                      9.72 kB         472 kB
├ ƒ /proposals                                      7.36 kB         352 kB
├ ƒ /public/events/[workspaceSlug]                  4.79 kB         108 kB
├ ƒ /public/forms/[id]                              14.9 kB         130 kB
├ ƒ /public/unsubscribe                             2.09 kB        89.9 kB
├ ƒ /quotes                                         6.14 kB         351 kB
├ ƒ /quotes/[id]/edit                               1.09 kB         345 kB
├ ƒ /quotes/new                                     1.09 kB         345 kB
├ ƒ /r/[code]                                       0 B                0 B
├ ƒ /refund                                         219 B           174 kB
├ ƒ /reputation                                     8.66 kB         342 kB
├ ƒ /resignation                                    9.71 kB         472 kB
├ ○ /robots.txt                                     0 B                0 B
├ ƒ /rss.xml                                        0 B                0 B
├ ƒ /segments                                       5.65 kB         351 kB
├ ƒ /sequences                                      5.28 kB         338 kB
├ ƒ /sequences/[id]/edit                            3.63 kB         344 kB
├ ƒ /sequences/new                                  208 B          88.1 kB
├ ƒ /settings                                       47 kB           400 kB
├ ƒ /settings/ai                                    208 B          88.1 kB
├ ƒ /settings/ai/credits                            208 B          88.1 kB
├ ƒ /settings/api                                   208 B          88.1 kB
├ ƒ /settings/billing                               208 B          88.1 kB
├ ƒ /settings/branding                              208 B          88.1 kB
├ ƒ /settings/developer                             4.75 kB         338 kB
├ ƒ /settings/integrations-hub                      2.01 kB         341 kB
├ ƒ /settings/lena-chat                             8.8 kB          342 kB
├ ƒ /settings/support-widget                        5.13 kB         111 kB
├ ƒ /settings/workspace                             208 B          88.1 kB
├ ƒ /shipments                                      7.08 kB         345 kB
├ ƒ /sitemap-articles.xml                           0 B                0 B
├ ○ /sitemap-marketing.xml                          0 B                0 B
├ ƒ /sitemap.xml                                    0 B                0 B
├ ƒ /sms                                            5.26 kB         351 kB
├ ƒ /social                                         13.7 kB         354 kB
├ ƒ /social/analytics                               5.15 kB         343 kB
├ ƒ /social/calendar                                3.44 kB         342 kB
├ ƒ /social/connections                             4.14 kB         342 kB
├ ƒ /social/inbox                                   5.26 kB         343 kB
├ ƒ /solutions                                      1.83 kB         176 kB
├ ● /solutions/[slug]                               6.04 kB         182 kB
├   ├ /solutions/crm-sales
├   ├ /solutions/lms-courses
├   ├ /solutions/accounting-finance
├   └ [+10 more paths]
├ ƒ /student                                        3.61 kB         149 kB
├ ƒ /student/checkout/[courseId]                    7.06 kB         122 kB
├ ƒ /student/courses/[id]                           27.9 kB         263 kB
├ ƒ /student/courses/[id]/module-quiz/[moduleId]    151 B           121 kB
├ ƒ /student/courses/[id]/quiz/[quizId]             151 B           121 kB
├ ƒ /student/courses/[id]/remedial                  5.55 kB         120 kB
├ ƒ /student/marketplace                            7.16 kB         161 kB
├ ƒ /support                                        12.1 kB         392 kB
├ ƒ /support/public-thread                          5.39 kB         111 kB
├ ƒ /support/tickets-reply                          4.96 kB         352 kB
├ ƒ /system/health                                  227 B           333 kB
├ ƒ /table/tables-basic                             2.9 kB          408 kB
├ ƒ /table/tables-database                          22.8 kB         426 kB
├ ƒ /tasks                                          24.9 kB         424 kB
├ ƒ /tasks/dashboard                                428 B           338 kB
├ ƒ /termination                                    9.95 kB         472 kB
├ ƒ /terms                                          187 B          96.8 kB
├ ƒ /track/[shipmentId]                             3.07 kB        90.9 kB
├ ƒ /transfer                                       7.55 kB         469 kB
├ ƒ /unauthenticated/courses/[slug]                 9.23 kB        97.1 kB
├ ƒ /unauthenticated/domain-portal                  187 B          96.8 kB
├ ƒ /websites                                       9.53 kB         352 kB
├ ƒ /whatsapp-broadcasts                            8.09 kB         354 kB
├ ƒ /widget/iframe                                  4.25 kB         110 kB
├ ƒ /widget/reviews                                 2.42 kB        98.9 kB
├ ƒ /workspace/team                                 2.02 kB         335 kB
├ ƒ /workspaces/[id]/automations                    191 B           342 kB
├ ƒ /workspaces/[id]/experts                        7.16 kB         340 kB
├ ƒ /workspaces/[id]/live-builder                   3.81 kB         337 kB
├ ƒ /workspaces/[id]/meet-analytics                 5.2 kB          102 kB
└ ƒ /workspaces/[id]/struggling-students            4.22 kB         337 kB
+ First Load JS shared by all                       87.9 kB
  ├ chunks/2117-814a1ac255ae551d.js                 31.9 kB
  ├ chunks/fd9d1056-523d30a39cf40973.js             53.6 kB
  └ other shared chunks (total)                     2.31 kB


ƒ Middleware                                        81.6 kB

○  (Static)   prerendered as static content
●  (SSG)      prerendered as static HTML (uses getStaticProps)
ƒ  (Dynamic)  server-rendered on demand

EXIT=0
